條碼書目,財產分類,項次,編碼,類別,書名,出版社,數量,單位,備註,分類,字數
B00001,圖書(贈),1,平圖贈00001,繪本,遲來的禮物,啟思圖書,1,,,藍,5
B00002,圖書(贈),2,平圖贈00002,自然,水的遊戲,天下雜誌,1,,,綠,4
B00003,圖書(贈),3,平圖贈00003,繪本,發現好玩的數字,艾閣萌,1,,,綠,7
B00004,圖書(贈),4,平圖贈00004,繪本,顏色.形狀.大小相對詞,企鵝,1,,,藍,11
B00005,圖書(贈),5,平圖贈00005,繪本,好餓的毛毛蟲,上誼,1,,,藍,6
B00006,圖書(贈),6,平圖贈00006,自然,發現變化多端的天氣,艾閣萌,1,,,綠,9
B00007,圖書(贈),7,平圖贈00007,繪本,14隻老鼠大搬家,英文漢聲,1,,,藍,8
B00008,圖書(贈),8,平圖贈00008,自然,獅子家族,大科學,1,,,綠,4
B00009,圖書(贈),9,平圖贈00009,自然,飛啊!蟲蟲小飛俠,大科學,1,,,綠,8
B00010,圖書(贈),10,平圖贈00010,自然,白雪北極熊,大科學,1,,,綠,5
B00011,圖書(贈),11,平圖贈00011,自然,鱷魚的大尖牙,大科學,1,,,綠,6
B00012,圖書(贈),12,平圖贈00012,自然,麻雀小精靈,大科學,1,,,綠,5
B00013,圖書(贈),13,平圖贈00013,自然,看誰在游泳,大科學,1,,,綠,5
B00014,圖書(贈),14,平圖贈00014,自然,發現花兒的世界,艾閣萌,1,,,綠,7
B00015,圖書(贈),15,平圖贈00015,自然,發現有趣的相反詞,艾閣萌,1,,,綠,8
B00016,圖書(贈),16,平圖贈00016,自然,發現時間的奧妙,艾閣萌,1,,,綠,7
B00017,圖書(贈),17,平圖贈00017,自然,發現小動物的家,艾閣萌,1,,,綠,7
B00018,圖書(贈),18,平圖贈00018,自然,發現鳥的種類,艾閣萌,1,,,綠,6
B00019,圖書(贈),19,平圖贈00019,自然,發現生活中的小危險,艾閣萌,1,,,綠,9
B00020,圖書(贈),20,平圖贈00020,自然,發現音樂的世界,艾閣萌,1,,,綠,7
B00021,圖書(贈),21,平圖贈00021,自然,發現奇妙的大樹,艾閣萌,1,,,綠,7
B00022,圖書(贈),22,平圖贈00022,自然,大自然的顏色,親親自然,1,,,綠,6
B00023,圖書(贈),23,平圖贈00023,自然,鴕鳥,親親自然,1,,,綠,2
B00024,圖書(贈),24,平圖贈00024,自然,玩泥土的碗盤,親親自然,1,,,綠,6
B00025,圖書(贈),25,平圖贈00025,自然,鹹鹹的鹽,親親自然,1,,,綠,4
B00026,圖書(贈),26,平圖贈00026,自然,我們都住在地球,親親自然,1,,,綠,7
B00027,圖書(贈),27,平圖贈00027,自然,到熱帶雨林探險,親親自然,1,,,綠,7
B00028,圖書(贈),28,平圖贈00028,自然,媽媽和寶寶,親親自然,1,,,綠,5
B00029,圖書(贈),29,平圖贈00029,自然,小貓咪長大了,親親自然,1,,,綠,6
B00030,圖書(贈),30,平圖贈00030,自然,鳳梨,親親自然,1,,,綠,2
B00031,圖書(贈),31,平圖贈00031,自然,香蕉,親親自然,1,,,綠,2
B00032,圖書(贈),32,平圖贈00032,自然,黃金鼠,親親自然,1,,,綠,3
B00033,圖書(贈),33,平圖贈00033,自然,乳牛和牛乳,親親自然,1,,,綠,5
B00034,圖書(贈),34,平圖贈00034,自然,有趣的葉子,親親自然,1,,,綠,5
B00035,圖書(贈),35,平圖贈00035,自然,大金剛,親親自然,1,,,綠,3
B00036,圖書(贈),36,平圖贈00036,自然,馬鈴薯,親親自然,1,,,綠,3
B00037,圖書(贈),37,平圖贈00037,自然,番茄真好吃,親親自然,1,,,綠,5
B00038,圖書(贈),38,平圖贈00038,自然,小瓢蟲,親親自然,1,,,綠,3
B00039,圖書(贈),39,平圖贈00039,自然,螳螂,親親自然,1,,,綠,2
B00040,圖書(贈),40,平圖贈00040,自然,候鳥來了,親親自然,1,,,綠,4
B00041,圖書(贈),41,平圖贈00041,自然,雨後的小傘~菇,親親自然,1,,,綠,7
B00042,圖書(贈),42,平圖贈00042,自然,小種子的旅行,親親自然,1,,,綠,6
B00043,圖書(贈),43,平圖贈00043,繪本,小流星亮晶晶,鹿橋文化,1,,,藍,6
B00044,圖書(贈),44,平圖贈00044,自然,親親自然52,親親自然,1,,,綠,6
B00045,圖書(贈),45,平圖贈00045,自然,親親自然45,親親自然,1,,,綠,6
B00046,圖書(贈),46,平圖贈00046,自然,親親自然56,親親自然,1,,,綠,6
B00047,圖書(贈),47,平圖贈00047,自然,親親自然51,親親自然,1,,,綠,6
B00048,圖書(贈),48,平圖贈00048,繪本,小王子找快樂,啟思圖書,1,,,藍,6
B00049,圖書(贈),49,平圖贈00049,自然,螞蟻,光復,1,,,綠,2
B00050,圖書(贈),50,平圖贈00050,繪本,湯匙嬸,國語周刊,1,,,藍,3
B00051,圖書(贈),51,平圖贈00051,自然,小小天地64,小小天地,1,,,藍,6
B00052,圖書(贈),52,平圖贈00052,自然,小小天地72,小小天地,1,,,藍,6
B00053,圖書(贈),53,平圖贈00053,自然,小小天地75,小小天地,1,,,藍,6
B00054,圖書(贈),54,平圖贈00054,自然,小牛頓197,牛頓,1,,,綠,6
B00055,圖書(贈),55,平圖贈00055,自然,小牛頓46,牛頓,1,,,綠,5
B00056,圖書(贈),56,平圖贈00056,自然,小牛頓51,牛頓,1,,,綠,5
B00057,圖書(贈),57,平圖贈00057,自然,小牛頓234,牛頓,1,,,綠,6
B00058,圖書(贈),58,平圖贈00058,自然,小牛頓188,牛頓,1,,,綠,6
B00059,圖書(贈),59,平圖贈00059,繪本,安徒生童話集,泉源,1,,,藍,6
B00060,圖書(贈),60,平圖贈00060,自然,皇帝企鵝,啟思圖書,1,,,綠,4
B00061,圖書(贈),61,平圖贈00061,自然,袋鼠,啟思圖書,1,,,綠,2
B00062,圖書(贈),62,平圖贈00062,自然,松鼠,啟思圖書,1,,,綠,2
B00063,圖書(贈),63,平圖贈00063,自然,貓咪,啟思圖書,1,,,綠,2
B00064,圖書(贈),64,平圖贈00064,自然,貓頭鷹,啟思圖書,1,,,綠,3
B00065,圖書(贈),65,平圖贈00065,自然,兔子,啟思圖書,1,,,綠,2
B00066,圖書(贈),66,平圖贈00066,自然,鯨魚,啟思圖書,1,,,綠,2
B00067,圖書(贈),67,平圖贈00067,自然,獅子 ,啟思圖書,1,,,綠,3
B00068,圖書(贈),68,平圖贈00068,自然,熊貓,啟思圖書,1,,,綠,2
B00069,圖書(贈),69,平圖贈00069,自然,棕熊,啟思圖書,1,,,綠,2
B00070,圖書(贈),70,平圖贈00070,自然,白鸛,啟思圖書,1,,,綠,2
B00071,圖書(贈),71,平圖贈00071,自然,綠頭鴨,啟思圖書,1,,,綠,3
B00072,圖書(贈),72,平圖贈00072,自然,果園裡的新朋友,啟思圖書,1,,,綠,7
B00073,圖書(贈),73,平圖贈00073,自然,袋鼠智勝大獵狗,啟思圖書,1,,,綠,7
B00074,圖書(贈),74,平圖贈00074,自然,河邊的小寶寶,啟思圖書,1,,,綠,6
B00075,圖書(贈),75,平圖贈00075,自然,小企鵝歷險記,啟思圖書,1,,,綠,6
B00076,圖書(贈),76,平圖贈00076,自然,小刺蝟學本領,啟思圖書,1,,,綠,6
B00077,圖書(贈),77,平圖贈00077,自然,勇敢的斑馬衛兵,啟思圖書,1,,,綠,7
B00078,圖書(贈),78,平圖贈00078,自然,誰在唱歌?,啟思圖書,1,,,綠,5
B00079,圖書(贈),79,平圖贈00079,語文,兒童唐詩三百首精選,欣大,1,,,黃,9
B00080,圖書(贈),80,平圖贈00080,繪本,魯冰遜漂流記,華一,1,,,藍,6
B00081,圖書(贈),81,平圖贈00081,繪本,"說一聲""晚安""",啟思圖書,1,,,藍,7
B00082,圖書(贈),82,平圖贈00082,繪本,午睡時間,啟思圖書,1,,,藍,4
B00083,圖書(贈),83,平圖贈00083,繪本, 小爾尼學ABC,啟思圖書,1,,,藍,8
B00084,圖書(贈),84,平圖贈00084,繪本,小柏特的數字書,啟思圖書,1,,,藍,7
B00085,圖書(贈),85,平圖贈00085,繪本,"說一聲""再見""",啟思圖書,1,,,藍,7
B00086,圖書(贈),86,平圖贈00086,繪本,小郭菲的形狀書,啟思圖書,1,,,藍,7
B00087,圖書(贈),87,平圖贈00087,繪本,請說些神奇的話,啟思圖書,1,,,藍,7
B00088,圖書(贈),88,平圖贈00088,繪本,小艾摩的顏色書,啟思圖書,1,,,藍,7
B00089,圖書(贈),89,平圖贈00089,繪本,安靜一下,啟思圖書,1,,,藍,4
B00090,圖書(贈),90,平圖贈00090,繪本,小老鼠救大獅子,世一,1,,,藍,7
B00091,圖書(贈),91,平圖贈00091,繪本,靈犬萊西,將門,1,,,藍,4
B00092,圖書(贈),92,平圖贈00092,繪本,小紅帽,幼華,1,,,藍,3
B00093,圖書(贈),93,平圖贈00093,繪本,姆指仙童,幼華,1,,,藍,4
B00094,圖書(贈),94,平圖贈00094,自然,捕捉流星,啟思圖書,1,,,綠,4
B00095,圖書(贈),95,平圖贈00095,自然,穿越銀河,啟思圖書,1,,,綠,4
B00096,圖書(贈),96,平圖贈00096,自然,小小天地70,小小天地,1,,,藍,6
B00097,圖書(贈),97,平圖贈00097,自然,小小天地73,小小天地,1,,,藍,6
B00098,圖書(贈),98,平圖贈00098,自然,小小天地69,小小天地,1,,,藍,6
B00099,圖書(贈),99,平圖贈00099,自然,小小天地71,小小天地,1,,,藍,6
B00100,圖書(贈),100,平圖贈00100,繪本,巫婆奇遇記,鹿橋文化,1,,,藍,5
B00101,圖書(贈),101,平圖贈00101,繪本,動物狂歡節,鹿橋文化,1,,,藍,5
B00102,圖書(贈),102,平圖贈00102,繪本,花兒的宴會,美育旺旺,1,,,藍,5
B00103,圖書(贈),103,平圖贈00103,繪本,國語月刊75,國語月刊,1,,,藍,6
B00104,圖書(贈),104,平圖贈00104,繪本,提燈籠,鹿橋文化,1,,,藍,3
B00105,圖書(贈),105,平圖贈00105,繪本,ㄇㄚㄌ一ㄇㄨㄌ一變變變,鹿橋文化,1,,,藍,11
B00106,圖書(贈),106,平圖贈00106,繪本,小松鼠的秋天學校,美育旺旺,1,,,藍,8
B00107,圖書(贈),107,平圖贈00107,繪本,夢幻溪的嘉年華會,鹿橋文化,1,,,藍,8
B00108,圖書(贈),108,平圖贈00108,繪本,小小天地68,小小天地,1,,,藍,6
B00109,圖書(贈),109,平圖贈00109,繪本,重返侏儸紀,世一,1,,,藍,5
B00110,圖書(贈),110,平圖贈00110,繪本,巧連智寶寶版2,貝樂思,1,,,藍,7
B00111,圖書(贈),111,平圖贈00111,繪本,巧連智寶寶版5,貝樂思,1,,,藍,7
B00112,圖書(贈),112,平圖贈00112,繪本,巧連智寶寶版1,貝樂思,1,,,藍,7
B00113,圖書(贈),113,平圖贈00113,繪本,宇宙超級怪獸圖鑑,陽銘,1,,,藍,8
B00114,圖書(贈),114,平圖贈00114,自然,小小天地67,小小天地,1,,,綠,6
B00115,圖書(贈),115,平圖贈00115,自然,鱷魚,親親自然,1,,,綠,2
B00116,圖書(贈),116,平圖贈00116,繪本,彩色世界童話寶盒,陽銘,1,,,藍,8
B00117,圖書(贈),117,平圖贈00117,自然,親親自然28,親親自然,1,,,綠,6
B00118,圖書(贈),118,平圖贈00118,自然,小小天地66,小小天地,1,,,藍,6
B00119,圖書(贈),119,平圖贈00119,繪本,妖精的願望,鹿橋文化,1,,,藍,5
B00120,圖書(贈),120,平圖贈00120,繪本,神奇屋,鹿橋文化,1,,,藍,3
B00121,圖書(贈),121,平圖贈00121,繪本,四季大崗山,高雄縣政府,1,,,藍,5
B00122,圖書(贈),122,平圖贈00122,繪本,巧連智2005-9,貝樂斯,1,,,藍,9
B00123,圖書(贈),123,平圖贈00123,繪本,巧連智2009-1,貝樂斯,1,,,藍,9
B00124,圖書(贈),124,平圖贈00124,繪本,找一找美味櫻桃在哪裡?,風車圖書,1,,,藍,11
B00125,圖書(贈),125,平圖贈00125,繪本,找一找漂亮蝴蝶在哪裡?,風車圖書,1,,,藍,11
B00126,圖書(贈),126,平圖贈00126,繪本,找一找我的烏龜在哪裡?,風車圖書,1,,,藍,11
B00127,圖書(贈),127,平圖贈00127,繪本,找一找彩色襪子在哪裡?,風車圖書,1,,,藍,11
B00128,圖書(贈),128,平圖贈00128,繪本,哇!是小白兔耶…,風車圖書,1,,,藍,8
B00129,圖書(贈),129,平圖贈00129,繪本,你看，好漂亮的蝴蝶耶…,風車圖書,1,,,藍,11
B00130,圖書(贈),130,平圖贈00130,繪本,毛絨絨的小熊熊，真的好可愛唷！,風車圖書,1,,,藍,15
B00131,圖書(贈),131,平圖贈00131,繪本,普琳兒不見了,經典傳訊,1,,,藍,6
B00132,圖書(贈),132,平圖贈00132,繪本,海邊的朋友,經典傳訊,1,,,藍,5
B00133,圖書(贈),133,平圖贈00133,自然,,巧育,1,,,綠,0
B00134,圖書(贈),134,平圖贈00134,自然,恐龍(下),巧育,1,,,綠,5
B00135,圖書(贈),135,平圖贈00135,繪本,瑪莉亞小綿羊,大步文化,1,,,藍,6
B00136,圖書(贈),136,平圖贈00136,繪本,Rainbow Surprise,Dlgest,1,,,藍,16
B00137,圖書(贈),137,平圖贈00137,繪本,戴帽子的貓,遠流,1,,,藍,5
B00138,圖書(贈),138,平圖贈00138,繪本,寶寶數學,世一,1,,,藍,4
B00139,圖書(贈),139,平圖贈00139,繪本,好吃的水果,風車圖書,1,,,藍,5
B00140,圖書(贈),140,平圖贈00140,繪本,五彩遊戲,風車圖書,1,,,藍,4
B00141,圖書(贈),141,平圖贈00141,繪本,黑白遊戲,風車圖書,1,,,藍,4
B00142,圖書(贈),142,平圖贈00141-1,繪本,黑白遊戲,風車圖書,1,,,藍,4
B00143,圖書(贈),143,平圖贈00142,繪本,黑白視覺遊戲,風車圖書,1,,,藍,6
B00144,圖書(贈),144,平圖贈00143,繪本,白雪公主與七矮人,風車圖書,1,,,藍,8
B00145,圖書(贈),145,平圖贈00144,繪本,十二生肖,風車圖書,1,,,藍,4
B00146,圖書(贈),146,平圖贈00145,繪本,人魚公主,風車圖書,1,,,藍,4
B00147,圖書(贈),147,平圖贈00145-1,繪本,人魚公主,風車圖書,1,,,藍,4
B00148,圖書(贈),148,平圖贈00146,繪本,小紅帽,風車圖書,1,,,藍,3
B00149,圖書(贈),149,平圖贈00147,繪本,醜小鴨,風車圖書,1,,,藍,3
B00150,圖書(贈),150,平圖贈00148,繪本,賣香屁,風車圖書,1,,,藍,3
B00151,圖書(贈),151,平圖贈00149,繪本,拇指姑娘,風車圖書,1,,,藍,4
B00152,圖書(贈),152,平圖贈00150,繪本,阿里巴巴與四十大盜,風車圖書,1,,,藍,9
B00153,圖書(贈),153,平圖贈00151,繪本,仙履奇緣,風車圖書,1,,,藍,4
B00154,圖書(贈),154,平圖贈00151-1,繪本,仙履奇緣,風車圖書,1,,,藍,4
B00155,圖書(贈),155,平圖贈00152,繪本,賣火柴的女孩,風車圖書,1,,,藍,6
B00156,圖書(贈),156,平圖贈00153,繪本,乞丐王子,風車圖書,1,,,藍,4
B00157,圖書(贈),157,平圖贈00154,繪本,王子與天鵝,風車圖書,1,,,藍,5
B00158,圖書(贈),158,平圖贈00155,繪本,青蛙王子,風車圖書,1,,,藍,4
B00159,圖書(贈),159,平圖贈00156,繪本,三劍客,風車圖書,1,,,藍,3
B00160,圖書(贈),160,平圖贈00157,繪本,豆子,漢聲,1,,,藍,2
B00161,圖書(贈),161,平圖贈00158,繪本,工具,漢聲,1,,,藍,2
B00162,圖書(贈),162,平圖贈00159,繪本,著涼,漢聲,1,,,藍,2
B00163,圖書(贈),163,平圖贈00160,繪本,骨頭,漢聲,1,,,藍,2
B00164,圖書(贈),164,平圖贈00161,繪本,眼睛的故事,漢聲,1,,,藍,5
B00165,圖書(贈),165,平圖贈00162,繪本,奇妙的尾巴,漢聲,1,,,藍,5
B00166,圖書(贈),166,平圖贈00163,繪本,蒲公英,漢聲,1,,,藍,3
B00167,圖書(贈),167,平圖贈00164,繪本,放屁,漢聲,1,,,藍,2
B00168,圖書(贈),168,平圖贈00165,繪本,鼻孔的故事,漢聲,1,,,藍,5
B00169,圖書(贈),169,平圖贈00166,繪本,我們是好朋友,漢聲,1,,,藍,6
B00170,圖書(贈),170,平圖贈00167,繪本,爸爸走丟了,漢聲,1,,,藍,5
B00171,圖書(贈),171,平圖贈00168,繪本,長頸鹿和霹靂龍,漢聲,1,,,藍,7
B00172,圖書(贈),172,平圖贈00169,繪本,阿比的小狐狸,漢聲,1,,,藍,6
B00173,圖書(贈),173,平圖贈00170,繪本,追追追,鹿橋文化,1,,,藍,3
B00174,圖書(贈),174,平圖贈00171,繪本,皮球與積木,鹿橋文化,1,,,藍,5
B00175,圖書(贈),175,平圖贈00172,繪本,小風箏與老樹怪,鹿橋文化,1,,,藍,7
B00176,圖書(贈),176,平圖贈00173,繪本,石頭和泡泡,鹿橋文化,1,,,藍,5
B00177,圖書(贈),177,平圖贈00174,繪本,小火龍學跳舞,鹿橋文化,1,,,藍,6
B00178,圖書(贈),178,平圖贈00175,繪本,河馬醫生的秘密武器,鹿橋文化,1,,,藍,9
B00179,圖書(贈),179,平圖贈00176,繪本,老龍舟的心願,美育旺旺,1,,,藍,6
B00180,圖書(贈),180,平圖贈00177,繪本,雪妖的寶貝,美育旺旺,1,,,藍,5
B00181,圖書(贈),181,平圖贈00178,繪本,音樂會的搗蛋鬼,美育旺旺,1,,,藍,7
B00182,圖書(贈),182,平圖贈00179,繪本,小母雞的颱風天,美育旺旺,1,,,藍,7
B00183,圖書(贈),183,平圖贈00180,繪本,大家都是好朋友,美育旺旺,1,,,藍,7
B00184,圖書(贈),184,平圖贈00181,繪本,媽媽我愛你,美育旺旺,1,,,藍,5
B00185,圖書(贈),185,平圖贈00182,繪本,勾勾手來跳舞,美育旺旺,1,,,藍,6
B00186,圖書(贈),186,平圖贈00183,繪本,星星來的小天使,美育旺旺,1,,,藍,7
B00187,圖書(贈),187,平圖贈00184,繪本,精靈國王的生日禮物,美育旺旺,1,,,藍,9
B00188,圖書(贈),188,平圖贈00185,繪本,毛毛蟲的新衣裳,美育旺旺,1,,,藍,7
B00189,圖書(贈),189,平圖贈00186,繪本,聖誕老公公的鈴鐺不見了,美育旺旺,1,,,藍,11
B00190,圖書(贈),190,平圖贈00187,繪本,再等一會兒,美育旺旺,1,,,藍,5
B00191,圖書(贈),191,平圖贈00188,繪本,搗蛋精靈的動動鼓,美育旺旺,1,,,藍,8
B00192,圖書(贈),192,平圖贈00189,繪本,新年快樂,美育旺旺,1,,,粉紅色,4
B00193,圖書(贈),193,平圖贈00190,語文,紅田嬰,信誼,1,,,黃,3
B00194,圖書(贈),194,平圖贈00191,語文,火金姑,信誼,1,,,黃,3
B00195,圖書(贈),195,平圖贈00192,語文,處處聞啼鳥, 信誼,1,,,黃,5
B00196,圖書(贈),196,平圖贈00193,語文,魚戲蓮葉間,信誼,1,,,黃,5
B00197,圖書(贈),197,平圖贈00194,語文,乞丐王子,風車圖書,1,,,黃,4
B00198,圖書(贈),198,平圖贈00195,語文,海角一樂園,風車圖書,1,,,黃,5
B00199,圖書(贈),199,平圖贈00196,語文,唐吉軻德,風車圖書,1,,,黃,4
B00200,圖書(贈),200,平圖贈00197,語文,木馬屠城記,風車圖書,1,,,黃,5
B00201,圖書(贈),201,平圖贈00198,語文,圓桌武士,風車圖書,1,,,黃,4
B00202,圖書(贈),202,平圖贈00199,語文,金銀島,風車圖書,1,,,黃,3
B00203,圖書(贈),203,平圖贈00200,語文,環遊世界80天,風車圖書,1,,,黃,7
B00204,圖書(贈),204,平圖贈00201,語文,鐘樓怪人,風車圖書,1,,,黃,4
B00205,圖書(贈),205,平圖贈00202,語文,所羅門王寶藏,風車圖書,1,,,黃,6
B00206,圖書(贈),206,平圖贈00203,自然,分類和演化(動物),泛亞國際,1,,,綠,9
B00207,圖書(贈),207,平圖贈00204,自然,分類和演化(植物),泛亞國際,1,,,綠,9
B00208,圖書(贈),208,平圖贈00205,自然,天敵,泛亞國際,1,,,綠,2
B00209,圖書(贈),209,平圖贈00206,自然,青蛙和蟾蜍,泛亞國際,1,,,綠,5
B00210,圖書(贈),210,平圖贈00207,自然,蜻蜓和豆娘,泛亞國際,1,,,綠,5
B00211,圖書(贈),211,平圖贈00208,自然,水獺和海狸,泛亞國際,1,,,綠,5
B00212,圖書(贈),212,平圖贈00209,自然,海豹、海獅和海象,泛亞國際,1,,,綠,8
B00213,圖書(贈),213,平圖贈00210,自然,蝸牛,親親自然,1,,,綠,2
B00214,圖書(贈),214,平圖贈00211,自然,螃蟹,親親自然,1,,,綠,2
B00215,圖書(贈),215,平圖贈00212,自然,蛋,親親自然,1,,,綠,1
B00216,圖書(贈),216,平圖贈00213,自然,到農場走走,親親自然,1,,,綠,5
B00217,圖書(贈),217,平圖贈00214,自然,好冷好冷好熱好熱,親親自然,1,,,綠,8
B00218,圖書(贈),218,平圖贈00215,自然,我們穿的衣服,親親自然,1,,,綠,6
B00219,圖書(贈),219,平圖贈00216,自然,大自然音樂會,親親自然,1,,,綠,6
B00220,圖書(贈),220,平圖贈00217,自然,米從哪裡來,親親自然,1,,,綠,5
B00221,圖書(贈),221,平圖贈00218,自然,柿子,親親自然,1,,,綠,2
B00222,圖書(贈),222,平圖贈00219,自然,橘子,親親自然,1,,,綠,2
B00223,圖書(贈),223,平圖贈00220,自然,豬寶貝,親親自然,1,,,綠,3
B00224,圖書(贈),224,平圖贈00221,自然,動物的建築師,親親自然,1,,,綠,6
B00225,圖書(贈),225,平圖贈00222,自然,蝴蝶飛呀飛,親親自然,1,,,綠,5
B00226,圖書(贈),226,平圖贈00223,自然,大腳ㄚ小腳丫,親親自然,1,,,綠,6
B00227,圖書(贈),227,平圖贈00224,自然,動物冠軍王,親親自然,1,,,綠,5
B00228,圖書(贈),228,平圖贈00225,自然,城市飛行家,親親自然,1,,,綠,5
B00229,圖書(贈),229,平圖贈00226,自然,環保小尖兵,親親自然,1,,,綠,5
B00230,圖書(贈),230,平圖贈00227,自然,小鏡頭大世界,親親自然,1,,,綠,6
B00231,圖書(贈),231,平圖贈00228,自然,博物館開門,親親自然,1,,,綠,5
B00232,圖書(贈),232,平圖贈00229,自然,黑漆漆的夜晚,親親自然,1,,,綠,6
B00233,圖書(贈),233,平圖贈00230,自然,有趣的繩子,親親自然,1,,,綠,5
B00234,圖書(贈),234,平圖贈00231,自然,到部落走走,親親自然,1,,,綠,5
B00235,圖書(贈),235,平圖贈00232,自然,好戲開鑼,親親自然,1,,,綠,4
B00236,圖書(贈),236,平圖贈00233,自然,創意遊樂園,親親自然,1,,,綠,5
B00237,圖書(贈),237,平圖贈00234,自然,看漫畫學破音字,智揚,1,,,綠,7
B00238,圖書(贈),238,平圖贈00235,自然,兒童學習百科-1,光復,1,,,綠,8
B00239,圖書(贈),239,平圖贈00236,自然,兒童學習百科-2,光復,1,,,綠,8
B00240,圖書(贈),240,平圖贈00237,自然,兒童學習百科-3,光復,1,,,綠,8
B00241,圖書(贈),241,平圖贈00238,自然,兒童學習百科-4,光復,1,,,綠,8
B00242,圖書(贈),242,平圖贈00239,自然,兒童學習百科-5,光復,1,,,綠,8
B00243,圖書(贈),243,平圖贈00240,自然,兒童學習百科-6,光復,1,,,綠,8
B00244,圖書(贈),244,平圖贈00241,自然,兒童學習百科-7,光復,1,,,綠,8
B00245,圖書(贈),245,平圖贈00242,自然,兒童學習百科-8,光復,1,,,綠,8
B00246,圖書(贈),246,平圖贈00243,自然,兒童學習百科-9,光復,1,,,綠,8
B00247,圖書(贈),247,平圖贈00244,自然,兒童學習百科-10,光復,1,,,綠,9
B00248,圖書(贈),248,平圖贈00245,自然,兒童學習百科-11,光復,1,,,綠,9
B00249,圖書(贈),249,平圖贈00246,自然,兒童學習百科-12,光復,1,,,綠,9
B00250,圖書(贈),250,平圖贈00247,自然,兒童學習百科-13,光復,1,,,綠,9
B00251,圖書(贈),251,平圖贈00248,自然,兒童學習百科-14,光復,1,,,綠,9
B00252,圖書(贈),252,平圖贈00249,自然,兒童學習百科-15,光復,1,,,綠,9
B00253,圖書(贈),253,平圖贈00250,自然,兒童學習百科-16,光復,1,,,綠,9
B00254,圖書(贈),254,平圖贈00251,自然,兒童學習百科-17,光復,1,,,綠,9
B00255,圖書(贈),255,平圖贈00252,自然,兒童學習百科-18,光復,1,,,綠,9
B00256,圖書(贈),256,平圖贈00253,自然,兒童學習百科-19,光復,1,,,綠,9
B00257,圖書(贈),257,平圖贈00254,自然,兒童學習百科-20,光復,1,,,綠,9
B00258,圖書(贈),258,平圖贈00255,繪本,綠野仙蹤,風車圖書,1,,,藍,4
B00259,圖書(贈),259,平圖贈00256,繪本,獅子娶新娘,小馬哥,1,,,藍,5
B00260,圖書(贈),260,平圖贈00257,繪本,怪獸的謎語,小馬哥,1,,,藍,5
B00261,圖書(贈),261,平圖贈00258,繪本,阿里巴巴與四十大盜,小馬哥,1,,,藍,9
B00262,圖書(贈),262,平圖贈00259,繪本,鞋匠與小仙童,小馬哥,1,,,藍,6
B00263,圖書(贈),263,平圖贈00260,繪本,吹笛手,小馬哥,1,,,藍,3
B00264,圖書(贈),264,平圖贈00261,繪本,穿長靴的貓,小馬哥,1,,,藍,5
B00265,圖書(贈),265,平圖贈00262,繪本,給我一張衛生紙,世一,1,,,藍,7
B00266,圖書(贈),266,平圖贈00263,繪本,游吧！小烤魚,隆發,1,,,藍,6
B00267,圖書(贈),267,平圖贈00264,繪本,小胖鵝的大屁股,隆發,1,,,藍,7
B00268,圖書(贈),268,平圖贈00265,繪本,我要上一年級了,隆發,1,,,藍,7
B00269,圖書(贈),269,平圖贈00266,,肚子餓時，昆蟲怎麼辦？,隆發,1,,,綠,11
B00270,圖書(贈),270,平圖贈00267,,下雨時，昆蟲怎麼辦？,隆發,1,,,綠,10
B00271,圖書(贈),271,平圖贈00268,,遇到敵人時，昆蟲怎麼辦？,隆發,1,,,,12
B00272,圖書(贈),272,平圖贈00269,繪本,虛榮小姐,智茂文化,1,,,藍,4
B00273,圖書(贈),273,平圖贈00270,繪本,阿利的紅斗篷,上誼,1,,,藍,6
B00274,圖書(贈),274,平圖贈00271,,媽媽，買綠豆！,上誼,,,,,7
B00275,圖書(贈),275,平圖贈00272,,這是我的,上誼,,,,,4
B00276,圖書(贈),276,平圖贈00273,,小水母要骨頭,親親文化,,,,綠,6
B00277,圖書(贈),277,平圖贈00274,,威利在哪裡？,親子天下,,,,,6
B00278,圖書(贈),278,平圖贈00275,,發現各式各樣的形狀,艾閣萌,,,,綠,9
B00279,圖書(贈),279,平圖贈00276,,發現各式各樣的果實,艾閣萌,,,,,9
B00280,圖書(贈),280,平圖贈00277,,船的故事,華一,,,,藍,4
B00281,圖書(贈),281,平圖贈00278,,小紅帽,幼福,,,,,3
B00282,圖書(贈),282,平圖贈00279,,膽小的劍龍,人類智庫,,,,淺藍,5
B00283,圖書(贈),283,平圖贈00280,,角角動物園,大科學,,,,,5
B00284,圖書(贈),284,平圖贈00281,,尾巴 尾巴,大科學,,,,,5
B00285,圖書(贈),285,平圖贈00282,,迷海奇航,學研館,,,,綠,4
B00286,圖書(贈),286,平圖贈00283,,童言童語5 (彩虹娃娃),漢幼文化,,,,綠,12
B00287,圖書(贈),287,平圖贈00284,,甲蟲王者爭霸戰,三采文化,,,,綠,7
B00288,圖書(贈),288,平圖贈00285,,智商UP2,光復,,,,綠,5
B00289,圖書(贈),289,平圖贈00286,,魚兒水中游,台灣麥克,,,,,5
B00290,圖書(贈),290,平圖贈00287,繪本,巧連智幼2005年10月,日商貝樂思,,,,藍,12
B00291,圖書(贈),291,平圖贈00288,繪本,巧連智幼2005年11月,日商貝樂思,,,,藍,12
B00292,圖書(贈),292,平圖贈00289,繪本,巧連智幼2005年12月,日商貝樂思,,,,藍,12
B00293,圖書(贈),293,平圖贈00290,繪本,巧連智幼2006年01月,日商貝樂思,,,,藍,12
B00294,圖書(贈),294,平圖贈00291,繪本,巧連智幼2010年03月,日商貝樂思,,,,藍,12
B00295,圖書(贈),295,平圖贈00292,繪本,巧連智低2006年10月,日商貝樂思,,,,藍,12
B00296,圖書(贈),296,平圖贈00293,繪本,巧連智低2007年08月,日商貝樂思,,,,藍,12
B00297,圖書(贈),297,平圖贈00294,繪本,巧連智寶2008年3月,日商貝樂思,,,,藍,11
B00298,圖書(贈),298,平圖贈00295,,小牛頓 25,牛頓,,,,綠,6
B00299,圖書(贈),299,平圖贈00296,繪本,鱷魚放假了,漢聲,1,,,藍,5
B00300,圖書(贈),300,平圖贈00297,繪本,巧克力貓書店,愛智,1,,,藍,6
B00301,圖書(贈),301,平圖贈00298,繪本,巧連智幼2012年09月,日商倍樂生,1,,,藍,12
B00302,圖書(贈),302,平圖贈00299,繪本,巧連智幼2012年10月,日商倍樂生,1,,,藍,12
B00303,圖書(贈),303,平圖贈00300,繪本,巧連智幼2012年11月,日商倍樂生,1,,,藍,12
B00304,圖書(贈),304,平圖贈00301,繪本,巧連智幼2012年12月,日商倍樂生,1,,,藍,12
B00305,圖書(贈),305,平圖贈00302,繪本,巧連智幼2013年02月,日商倍樂生,1,,,藍,12
B00306,圖書(贈),306,平圖贈00303,繪本,巧連智幼2013年03月,日商倍樂生,1,,,藍,12
B00307,圖書(贈),307,平圖贈00304,繪本,巧連智幼2013年04月,日商倍樂生,1,,,藍,12
B00308,圖書(贈),308,平圖贈00305,繪本,巧連智幼2013年05月,日商倍樂生,1,,,藍,12
B00309,圖書(贈),309,平圖贈00306,繪本,巧連智幼2013年06月,日商倍樂生,1,,,藍,12
B00310,圖書(贈),310,平圖贈00307,繪本,巧連智幼2013年07月,日商倍樂生,1,,,藍,12
B00311,圖書(贈),311,平圖贈00308,繪本,巧連智幼2013年08月,日商倍樂生,1,,,藍,12
B00312,圖書(贈),312,平圖贈00309,繪本,借你一把傘,信誼,1,,,藍,5
B00313,圖書(贈),313,平圖贈00310,繪本,兔子先生去散步,信誼,1,,,藍,7
B00314,圖書(贈),314,平圖贈00311,繪本,爸爸跟我玩,信誼,1,,,藍,5
B00315,圖書(贈),315,平圖贈00312,繪本,My Body,日商倍樂生,1,,,藍,7
B00316,圖書(贈),316,平圖贈00313,繪本,藏在誰那兒呢?,上誼,1,,,藍,7
B00317,圖書(贈),317,平圖贈00314,繪本,月亮掉下來,巧育文化,1,,,藍,5
B00318,圖書(贈),318,平圖贈00315,繪本,懶惰的農夫,巧育文化,1,,,藍,5
B00319,圖書(贈),319,平圖贈00316,繪本,小水母傑利的奇幻旅程,子曰文化,1,,,藍,10
B00320,圖書(贈),320,平圖贈00317,繪本,小熊奇奇的冒險,蒲公美希望基金會,1,,,藍,7
B00321,圖書(贈),321,平圖贈00318,繪本,賣火柴的小女孩,文化圖書,1,,,藍,7
B00322,圖書(贈),322,平圖贈00319,繪本,小小火車變變變,親子天下,1,,,藍,7
B00323,圖書(贈),323,平圖贈00320,繪本,巧連智低 2007年10月,日商倍樂生,1,,,藍,13
B00324,圖書(贈),324,平圖贈00321,繪本,勤勞的小母雞,啟思數學童話,1,,,藍,6
B00325,圖書(贈),325,平圖贈00322,語文,認知小書ㄅ.ㄆ.ㄇ (上) ,小馬哥,1,,,黃,14
B00326,圖書(贈),326,平圖贈00323,語文,認知小書ㄅ.ㄆ.ㄇ (下) ,小馬哥,1,,,黃,14
B00327,圖書(贈),327,平圖贈00324,語文,認知小書A.B.C (上) ,小馬哥,1,,,黃,14
B00328,圖書(贈),328,平圖贈00325,語文,認知小書A.B.C (下) ,小馬哥,1,,,黃,14
B00329,圖書(贈),329,平圖贈00326,語文,認知小書 動物,小馬哥,1,,,黃,7
B00330,圖書(贈),330,平圖贈00327,語文,認知小書 水果,小馬哥,1,,,黃,7
B00331,圖書(贈),331,平圖贈00328,語文,認知小書 蔬菜,小馬哥,1,,,黃,7
B00332,圖書(贈),332,平圖贈00329,語文,認知小書 形狀與色彩,小馬哥,1,,,黃,10
B00333,圖書(贈),333,平圖贈00330,語文,認知小書1.2.3,小馬哥,1,,,黃,9
B00334,圖書(贈),334,平圖贈00331,語文,認知小書 好吃食物,小馬哥,1,,,黃,9
B00335,圖書(贈),335,平圖贈00332,語文,認知小書 家電用品,小馬哥,1,,,黃,9
B00336,圖書(贈),336,平圖贈00333,語文,認知小書 海洋世界,小馬哥,1,,,黃,9
B00337,圖書(贈),337,平圖贈00334,語文,認知小書 日常用品,小馬哥,1,,,黃,9
B00338,圖書(贈),338,平圖贈00335,語文,認知小書 鳥類,小馬哥,1,,,黃,7
B00339,圖書(贈),339,平圖贈00336,語文,認知小書 昆蟲,小馬哥,1,,,黃,7
B00340,圖書(贈),340,平圖贈00337,語文,認知小書 我會比一比,小馬哥,1,,,黃,10
B00341,圖書(贈),341,平圖贈00338,語文,認知小書 可愛動物,小馬哥,1,,,黃,9
B00342,圖書(贈),342,平圖贈00339,語文,認知小書 交通工具,小馬哥,1,,,黃,9
B00343,圖書(贈),343,平圖贈00340,語文,魔力瑄瑄,財團法人羅慧夫顱顏基金會,1,,,藍,4
B00344,圖書(贈),344,平圖贈00341,語文,我的名字叫小胖,財團法人羅慧夫顱顏基金會,1,,,藍,7
B00345,圖書(贈),345,平圖贈00342,語文,小桃子 貼貼臉,小天下,1,,,藍,7
B00346,圖書(贈),346,平圖贈00343,語文,好想睡覺的小兔子,如何,1,,,黃,8
B00347,圖書(贈),347,平圖贈00344,語文,越南土地公在台灣,社團法人屏東縣好好婦女權益發展協會,1,,,黃,8
B00348,圖書(贈),348,平圖贈00345,語文,東南亞的節慶,社團法人屏東縣好好婦女權益發展協會,1,,,黃,6
B00349,圖書(贈),349,平圖贈00346,繪本,小水滴旅行,人類文化,1,,,藍,5
B00350,圖書(贈),350,平圖贈00347,繪本,小雞穿鞋子,人類文化,1,,,藍,5
B00351,圖書(贈),351,平圖贈00348,繪本,喔！我知道了,人類文化,1,,,藍,6
B00352,圖書(贈),352,平圖贈00349,繪本,我要買泥沙,人類文化,1,,,藍,5
B00353,圖書(贈),353,平圖贈00350,繪本,風娃娃在哪裡,人類文化,1,,,藍,6
B00354,圖書(贈),354,平圖贈00351,繪本,彩色的雲,人類文化,1,,,藍,4
B00355,圖書(贈),355,平圖贈00352,繪本,大雨嘩啦啦,人類文化,1,,,藍,5
B00356,圖書(贈),356,平圖贈00353,繪本,再見！松鼠牙醫,人類文化,1,,,藍,7
B00357,圖書(贈),357,平圖贈00354,繪本,球球和黏身草,九童國際文化,1,,,藍,6
B00358,圖書(贈),358,平圖贈00355,繪本,下雨天的球球,九童國際文化,1,,,藍,6
B00359,圖書(贈),359,平圖贈00356,繪本,球球和挖土機,九童國際文化,1,,,藍,6
B00360,圖書(贈),360,平圖贈00357,繪本,國王登月記·月亮升起時,,,,,,11
B00361,圖書(贈),361,平圖贈00358,繪本,動物天地,,,,,,4
B00362,圖書(贈),362,平圖贈00359,繪本,甲蟲先生漫遊記·留神阿，小瓢蟲!,,,,,,16
B00363,圖書(贈),363,平圖贈00360,繪本,樹的一年·奇巧最喜歡的樹,,,,,,12
B00364,圖書(贈),364,平圖贈00361,繪本,恐龍進城·小豆豆想長大,,,,,,11
B00365,圖書(贈),365,平圖贈00362,繪本,貓頭鷹愛月亮·我能飛了!,,,,,,12
B00366,圖書(贈),366,平圖贈00363,繪本,雨來了·雪孩子們來拜訪,,,,,,11
B00367,圖書(贈),367,平圖贈00364,繪本,你好，我是雪人·帽子先生,,,,,,12
B00368,圖書(贈),368,平圖贈00365,繪本,阿茂的神奇解藥·神奇魚,,,,,,11
B00369,圖書(贈),369,平圖贈00366,繪本,淘氣豬小胖嘟·老婆婆與蜜熊,,,,,,13
B00370,圖書(贈),370,平圖贈00367,繪本,老是睏和老是餓·森林孩子找朋友,,,,,,15
B00371,圖書(贈),371,平圖贈00368,繪本,顏色變變變·彩虹國,,,,,,9
B00372,圖書(贈),372,平圖贈00369,繪本,火龍與男孩·翠鳥和魔魚,,,,,,11
B00373,圖書(贈),373,平圖贈00370,繪本,說謊的山羊·紅狐和牧羊人,,,,,,12
B00374,圖書(贈),374,平圖贈00371,繪本,樹林裡有一個巨人·大象賓保逃家記,,,,,,16
B00375,圖書(贈),375,平圖贈00372,繪本,了不起的普蘭·小老鼠歷險記,,,,,,13
B00376,圖書(贈),376,平圖贈00373,繪本,小雨點的旅行·飛走了小雲朵,,,,,,13
B00377,圖書(贈),377,平圖贈00374,繪本,小小蟲歷險記·小老虎找勇氣,,,,,,13
B00378,圖書(贈),378,平圖贈00375,繪本,共享親密賞書時,,,,,,7
B00379,圖書(贈),379,平圖贈00376,繪本,老伯伯的手套·稻草人的願望,,,,,,13
B00380,圖書(贈),380,平圖贈00377,繪本,我的身體你的身體,,,,,,8
B00381,圖書(贈),381,平圖贈00378,繪本,再上去是什麼？,,,,,,7
B00382,圖書(贈),382,平圖贈00379,繪本,男生女生配一對,,,,,,7
B00383,圖書(贈),383,平圖贈00380,繪本,藍鯨是世界是最大的的東西嗎？,,,,,,14
B00384,圖書(贈),384,平圖贈00381,繪本,時間滴答,,,,,,4
B00385,圖書(贈),385,平圖贈00382,繪本,淅瀝!嘩啦!啪啦!,,,,,,9
B00386,圖書(贈),386,平圖贈00383,繪本,如果世界上沒有鯨魚：,,,,,,10
B00387,圖書(贈),387,平圖贈00384,繪本,床底下是什麼？,,,,,,7
B00388,圖書(贈),388,平圖贈00385,繪本,聽!什麼聲音？,,,,,,7
B00389,圖書(贈),389,平圖贈00386,繪本,哈啾~看醫生囉!,,,,,,8
B00390,圖書(贈),390,平圖贈00387,繪本,麵團大王,,,,,,4
B00391,圖書(贈),391,平圖贈00388,繪本,我的朋友嘎歷,,,,,,6
B00392,圖書(贈),392,平圖贈00389,繪本,最特別的同學,,,,,,6
B00393,圖書(贈),393,平圖贈00390,繪本,寵物A咖,,,,,,4
B00394,圖書(贈),394,平圖贈00391,繪本,兩個人的金牌,,,,,,6
B00395,圖書(贈),395,平圖贈00392,繪本,沒有不一樣,,,,,,5
B00396,圖書(贈),396,平圖贈00393,繪本,袋子裡的狼,,,,,,5
B00397,圖書(贈),397,平圖贈00394,繪本,跟著阿蠟筆學集合,,,,,,8
B00398,圖書(贈),398,平圖贈00395,繪本,路克船長的藏寶圖,,,,,,8
B00399,圖書(贈),399,平圖贈00396,繪本,玩具國的蔬果炮彈,,,,,,8
B00400,圖書(贈),400,平圖贈00397,繪本,1隻小豬與100匹狼,,,,,,10
B00401,圖書(贈),401,平圖贈00398,繪本,我的小雞雞,,,,,,5
B00402,圖書(贈),402,平圖贈00399,繪本,狐狸與白鶴,,,,,,5
B00403,圖書(贈),403,平圖贈00400,繪本,一隻孤獨的野狼,,,,,,7
B00404,圖書(贈),404,平圖贈00401,繪本,一隻勤勞的河狸,,,,,,7
B00405,圖書(贈),405,平圖贈00402,繪本,一隻外來的鬣蜥,,,,,,7
B00406,圖書(贈),406,平圖贈00403,繪本,一隻愛唱歌的青蛙,,,,,,8
B00407,圖書(贈),407,平圖贈00404,繪本,一隻勇敢的兔子,,,,,,7
B00408,圖書(贈),408,平圖贈00405,繪本,一隻小器的喜鵲,,,,,,7
B00409,圖書(贈),409,平圖贈00406,繪本,爸爸我要月亮,,,,,,6
B00410,圖書(贈),410,平圖贈00407,繪本,我們的媽媽在哪裡,,,,,,8
B00411,圖書(贈),411,平圖贈00408,繪本,誰偷了黃金？,,,,,,6
B00412,圖書(贈),412,平圖贈00409,繪本,復活節兔子的寶寶,,,,,,8
B00413,圖書(贈),413,平圖贈00410,繪本,泰迪熊的萬聖節,,,,,,7
B00414,圖書(贈),414,平圖贈00411,繪本,睡不著的小老鼠,,,,,,7
B00415,圖書(贈),415,平圖贈00412,繪本,善良的雪人*2,,,,,,7
B00416,圖書(贈),416,平圖贈00413,繪本,穿長統靴的貓,,,,,,6
B00417,圖書(贈),417,平圖贈00414,繪本,春天的榛果,,,,,,5
B00418,圖書(贈),418,平圖贈00415,繪本,溫暖的家,,,,,,4
B00419,圖書(贈),419,平圖贈00416,繪本,寶弟的風箏,,,,,,5
B00420,圖書(贈),420,平圖贈00417,繪本,泰迪熊和兔子,,,,,,6
B00421,圖書(贈),421,平圖贈00418,繪本,小貓咪摩麗絲，不要怕!,,,,,,11
B00422,圖書(贈),422,平圖贈00419,繪本,巴布的小花,,,,,,5
B00423,圖書(贈),423,平圖贈00420,繪本,青春泉,,,,,,3
B00424,圖書(贈),424,平圖贈00421,繪本,佛勞利的冒險,,,,,,6
B00425,圖書(贈),425,平圖贈00422,繪本,怪獸孟思特,,,,,,5
B00426,圖書(贈),426,平圖贈00423,,恐龍奧秘一本通,,,,,,7
B00427,圖書(贈),427,平圖贈00424,,睡美人,,,,,,3
B00428,圖書(贈),428,平圖贈00425,,灰姑娘,,,,,,3
B00429,圖書(贈),429,平圖贈00426,,兒童讀三字經,,,,,,6
B00430,圖書(贈),430,平圖贈00427,,妙奇地歡樂美語,,,,,,7
B00431,圖書(贈),431,平圖贈00428,,一起來種花,,,,,,5
B00432,圖書(贈),432,平圖贈00429,,爺爺的花園,,,,,,5
B00433,圖書(贈),433,平圖贈00430,,山谷的南瓜,,,,,,5
B00434,圖書(贈),434,平圖贈00431,,去朋友家做客,,,,,,6
B00435,圖書(贈),435,平圖贈00432,,漂亮的玻璃瓶,,,,,,6
B00436,圖書(贈),436,平圖贈00433,,誰的寶貝蛋,,,,,,5
B00437,圖書(贈),437,平圖贈00434,,14隻老鼠賞月,,,,,,7
B00438,圖書(贈),438,平圖贈00435,,14隻老鼠吃早餐,,,,,,8
B00439,圖書(贈),439,平圖贈00436,,14隻老鼠大搬家,,,,,,8
B00440,圖書(贈),440,平圖贈00437,,14隻老鼠過冬天,,,,,,8
B00441,圖書(贈),441,平圖贈00438,,眼睛的故事,,,,,,5
B00442,圖書(贈),442,平圖贈00439,,龜甲,,,,,,2
B00443,圖書(贈),443,平圖贈00440,,奇妙的尾巴,,,,,,5
B00444,圖書(贈),444,平圖贈00441,,紙飛機,,,,,,3
B00445,圖書(贈),445,平圖贈00442,,院子裡的小生物,,,,,,7
B00446,圖書(贈),446,平圖贈00443,,ABC圖畫書,,,,,,6
B00447,圖書(贈),447,平圖贈00444,,算算看,,,,,,3
B00448,圖書(贈),448,平圖贈00445,,空罐子，真好玩！,,,,,,8
B00449,基金會圖書,1,007-4-07-E-001,科學,長頸鹿好長喔,東西出版事業,1,本,小東西大科學 -手冊遺失,,6
B00450,基金會圖書,2,007-4-07-E-002,科學,忍者雨蛙,東西出版事業,1,本,小東西大科學 -手冊遺失,,4
B00451,基金會圖書,3,007-4-07-E-003,科學,種子高飛,朱中慧,1,本,大科學,,4
B00452,基金會圖書,4,007-4-07-E-004,科學,消防車加油,東西出版事業,1,本,大科學,,5
B00453,基金會圖書,5,007-4-07-E-005,科學,蒲公英花開後,東西出版事業,1,本,大科學,,6
B00454,基金會圖書,6,007-4-07-E-006,科學,大自然的躲貓貓,朱中慧,1,本,大科學,,7
B00455,基金會圖書,7,007-4-07-E-007,科學,昆蟲冠軍,東西出版事業,1,本,大科學,,4
B00456,基金會圖書,8,007-4-07-E-008,科學,宇宙星球探險,東西出版事業,1,本,大科學,,6
B00457,基金會圖書,9,007-4-07-E-009,科學,尾巴  尾巴,東西出版事業,1,本,大科學,,6
B00458,基金會圖書,10,007-4-07-E-010,科學,白雪的形狀,朱中慧,1,本,大科學,,5
B00459,基金會圖書,11,007-4-07-E-011,科學,海豹小寶貝,朱中慧,1,本,大科學,,5
B00460,基金會圖書,12,007-4-07-E-012,科學,螯蝦的大剪刀,朱中慧,1,本,大科學,,6
B00461,基金會圖書,13,007-4-07-E-013,科學,雙層新幹線-麥克士號,朱中慧,1,本,大科學,,10
B00462,基金會圖書,14,007-4-07-E-014,科學,老虎的花紋,朱中慧,1,本,大科學,,5
B00463,基金會圖書,15,007-4-07-E-015,科學,飛啊！蟲蟲小飛俠,朱中慧,1,本,大科學,,8
B00464,基金會圖書,16,007-4-07-E-016,科學,蟲蟲你在哪裡,朱中慧,1,本,大科學,,6
B00465,基金會圖書,17,007-4-07-E-017,科學,我們是企鵝,謝靜惠,1,本,大科學,,5
B00466,基金會圖書,18,007-4-07-E-018,科學,天空的大旅行,東西出版事業,1,本,大科學,,6
B00467,基金會圖書,19,007-4-07-E-019,科學,相撲大力士,朱中慧,1,本,大科學 -CD遺失,,5
B00468,基金會圖書,20,007-4-07-E-020,科學,松鼠的小果子,謝靜惠,1,本,大科學,,6
B00469,基金會圖書,21,007-4-07-E-021,科學,白雪北極熊,謝靜惠,1,本,大科學,,5
B00470,基金會圖書,22,007-4-07-E-022,科學,麻糬打打樂,謝靜惠,1,本,大科學,,5
B00471,基金會圖書,23,007-4-07-E-023,科學,大嘴巴河馬,朱中慧,1,本,大科學,,5
B00472,基金會圖書,24,007-4-07-E-024,科學,奇幻美術館,朱中慧,1,本,大科學,,5
B00473,基金會圖書,25,007-4-07-E-025,科學,好想睡覺喔,朱中慧,1,本,大科學,,5
B00474,基金會圖書,26,007-4-07-E-026,科學,水果的花花世界,朱中慧,1,本,大科學,,7
B00475,基金會圖書,27,007-4-07-E-027,科學,小小瓢蟲爬呀爬,朱中慧,1,本,大科學,,7
B00476,基金會圖書,28,007-4-07-E-028,科學,螳螂勇士,朱中慧,1,本,大科學,,4
B00477,基金會圖書,29,007-4-07-E-029,科學,月球奇異探險,朱中慧,1,本,大科學,,6
B00478,基金會圖書,30,007-4-07-E-030,科學,飛啊！巨無霸噴射客機,朱中慧,1,本,大科學-手冊遺失,,10
B00479,基金會圖書,31,007-4-07-E-031,科學,形形色色的骨頭,朱中慧,1,本,大科學,,7
B00480,基金會圖書,32,007-4-07-E-032,科學,我抓到魚了,朱中慧,1,本,大科學-手冊遺失,,5
B00481,基金會圖書,33,007-4-07-E-033,科學,熊貓圓滾滾,曹如君,1,本,大科學,,5
B00482,基金會圖書,34,007-4-07-E-034,科學,角角動物園,曹如君,1,本,大科學,,5
B00483,基金會圖書,35,007-4-07-E-035,科學,春天在哪裡,曹如君,1,本,大科學-手冊遺失,,5
B00484,基金會圖書,36,007-4-07-E-036,科學,挖土機戰士,曹如君,1,本,大科學,,5
B00485,基金會圖書,37,007-4-07-E-037,科學,看誰在游泳,曹如君,1,本,大科學,,5
B00486,基金會圖書,38,007-4-07-E-038,科學,獨角仙和鍬形蟲,曹如君,1,本,大科學,,7
B00487,基金會圖書,39,007-4-07-E-039,科學,獅子家族,曹如君,1,本,大科學,,4
B00488,基金會圖書,40,007-4-07-E-040,科學,我愛拉麵,曹如君,1,本,大科學,,4
B00489,基金會圖書,41,007-4-07-E-041,科學,鱷魚的大尖牙,曹如君,1,本,大科學,,6
B00490,基金會圖書,42,007-4-07-E-042,科學,冰塊變變變,曹如君,1,本,大科學,,5
B00491,基金會圖書,43,007-4-07-E-043,科學,大鴕鳥,曹如君,1,本,大科學,,3
B00492,基金會圖書,44,007-4-07-E-044,科學,腳腳腳,曹如君,1,本,大科學,,3
B00493,基金會圖書,45,007-4-07-E-045,科學,好好吃的草莓,曹如君,1,本,大科學,,6
B00494,基金會圖書,46,007-4-07-E-046,科學,蓋房子囉！,曹如君,1,本,大科學,,5
B00495,基金會圖書,47,007-4-07-E-047,科學,圓圓小水滴,曹如君,1,本,大科學 -CD遺失,,5
B00496,基金會圖書,48,007-4-07-E-048,科學,沖天小竹筍,曹如君,1,本,大科學,,5
B00497,基金會圖書,49,007-4-07-E-049,科學,想一想，像什麼,曹如君,1,本,大科學,,7
B00498,基金會圖書,50,007-4-07-E-050,科學,蟲蟲奧運會,曹如君,1,本,大科學,,5
B00499,基金會圖書,51,007-4-07-E-051,科學,貓咪日記,曹如君,1,本,大科學,,4
B00500,基金會圖書,52,007-4-07-E-052,科學,小小麵包坊,曹如君,1,本,大科學,,5
B00501,基金會圖書,53,007-4-07-E-053,科學,飛天鼯鼠,曹如君,1,本,大科學,,4
B00502,基金會圖書,54,007-4-07-E-054,科學,動物變裝秀,曹如君,1,本,大科學,,5
B00503,招標採購,1,001,情緒,小阿力的大學校,上誼文化公司,1,本,,淺藍色,7
B00504,招標採購,2,002,情緒,第五個,三之三文化 ,1,本,,淺藍色,3
B00505,招標採購,3,003,繪本,一顆超級頑固的牙,三之三文化 ,1,本,,藍色,8
B00506,招標採購,4,004,生命教育,我的第一隻狗,三之三文化 ,1,本,,紅色,6
B00507,招標採購,5,005,情緒,爸爸，你愛我嗎？,三之三文化 ,1,本,,淺藍色,8
B00508,招標採購,6,006,繪本,媽媽的紅沙發,三之三文化 ,1,本,,藍色,6
B00509,招標採購,7,007,社區,花婆婆 ,三之三文化 ,1,本,,粉紅色,4
B00510,招標採購,8,008,生命教育,精采過一生,三之三文化 ,1,本,,紅色,5
B00511,招標採購,9,009,繪本,艾瑪畫畫,三之三文化 ,1,本,,藍色,4
B00512,招標採購,10,010,情緒,勇敢的莎莎,三之三文化 ,1,本,,淺藍色,5
B00513,招標採購,11,011,情緒,菲菲生氣了-非常、非常的生氣,三之三文化 ,1,本,,淺藍色,14
B00514,招標採購,12,012,繪本,月亮狗,三之三文化 ,1,本,,藍色,3
B00515,招標採購,13,013,繪本,愛打岔的小雞,三之三文化 ,1,本,,藍色,6
B00516,招標採購,14,014,繪本,爸爸失業了,三之三文化 ,1,本,,藍色,5
B00517,招標採購,15,015,繪本,鱷魚和長頸鹿．搬過來搬過去,三之三文化 ,1,本,,藍色,13
B00518,招標採購,16,016,繪本,世界上最長的壽司,三之三文化 ,1,本,,藍色,8
B00519,招標採購,17,017,繪本,我會用小馬桶,三之三文化 ,1,本,,藍色,6
B00520,招標採購,18,018,繪本,你很快就會長高,三之三文化 ,1,本,,藍色,7
B00521,招標採購,19,019,情緒,胡森討厭上學,三之三文化 ,1,本,,淺藍色,6
B00522,招標採購,20,020,繪本,帕西波的裁縫夢,三之三文化 ,1,本,,藍色,7
B00523,招標採購,21,021,繪本,米爺爺學認字,三之三文化 ,1,本,,藍色,6
B00524,招標採購,22,022,情緒,為愛朗讀,三之三文化 ,1,本,,淺藍色,4
B00525,招標採購,23,023,繪本,農場的瘋狂事件,三之三文化 ,1,本,,藍色,7
B00526,招標採購,24,024,繪本,爺爺奶奶的彩色回憶,三之三文化 ,1,本,,藍色,9
B00527,招標採購,25,025,繪本,小畢的故事,三之三文化 ,1,本,,藍色,5
B00528,招標採購,26,026,繪本,遇見春天,三之三文化 ,1,本,,藍色,4
B00529,招標採購,27,027,情緒,怕浪費的奶奶,三之三文化 ,1,本,,淺藍色,6
B00530,招標採購,28,028,情緒,叔公的理髮店,三之三文化 ,1,本,,淺藍色,6
B00531,招標採購,29,029,繪本,公主四點會來,三之三文化 ,1,本,,藍色,6
B00532,招標採購,30,030,繪本,不一樣的聖誕禮物,上人,1,本,,藍色,8
B00533,招標採購,31,031,情緒,抱抱,上誼文化公司,1,本,,淺藍色,2
B00534,招標採購,32,032,繪本,我的朋友,上誼文化公司,1,本,,藍色,4
B00535,招標採購,33,033,繪本,咩咩羊的聰明丸,上誼文化公司,1,本,,藍色,7
B00536,招標採購,34,034,情緒,鱷魚怕怕牙醫怕怕,上誼文化公司,1,本,,淺藍色,8
B00537,招標採購,35,035,繪本,愛取名字的老太太,上誼文化公司,1,本,,藍色,8
B00538,招標採購,36,036,自然,彩色點點,上誼文化公司,1,本,,藍色,4
B00539,招標採購,37,037,自然,小黃點,上誼文化公司,1,本,,綠色,3
B00540,招標採購,38,038,生命教育,晴天雨天幸福天,上誼文化公司,1,本,,紅色,7
B00541,招標採購,39,039,繪本,好安靜的書,上誼文化公司,1,本,,藍色,5
B00542,招標採購,40,040,生命教育,謝謝你來當我的寶貝,大好書屋,1,本,,紅色,9
B00543,招標採購,41,041,繪本,不睡覺世界冠軍,大塊文化,1,本,,藍色,7
B00544,招標採購,42,042,情緒,吃掉黑暗的怪獸,大塊文化,1,本,,淺藍色,7
B00545,招標採購,43,043,繪本,鏡子裡的小孩,大塊文化,1,本,,藍色,6
B00546,招標採購,44,044,繪本,我會做任何事！,大塊文化,1,本,,藍色,7
B00547,招標採購,45,045,繪本,乖乖小惡魔,大塊文化,1,本,,藍色,5
B00548,招標採購,46,046,繪本,山的禮物,大穎文化,1,本,,藍色,4
B00549,招標採購,47,047,情緒,不是你想要的都可以得到,大穎文化,1,本,,淺藍色,11
B00550,招標採購,48,048,情緒,我不喜歡你這樣對我！,大穎文化,1,本,,淺藍色,10
B00551,招標採購,49,049,情緒,第一次自己睡覺,大穎文化,1,本,,淺藍色,7
B00552,招標採購,50,050,情緒,家有生氣小恐龍,大穎文化,1,本,,淺藍色,7
B00553,招標採購,51,051,繪本,老虎先生,小天下,1,本,,藍色,4
B00554,招標採購,52,052,自然,地圖,小天下,1,本,,綠色,2
B00555,招標採購,53,053,繪本,大嘴巴百貨公司 ,小天下,1,本,,藍色,8
B00556,招標採購,54,054,自然,我種了高麗菜,小天下,1,本,,綠色,6
B00557,招標採購,55,055,繪本,神奇的毛線,小天下,1,本,,藍色,5
B00558,招標採購,56,056,繪本,我的老師是怪獸！（不，我不是！）,小天下,1,本,,藍色,16
B00559,招標採購,57,057,生命教育,如果有一天,小典藏出版社,1,本,,紅色,5
B00560,招標採購,58,058,繪本,我贊成！,小魯文化,1,本,,藍色,4
B00561,招標採購,59,059,生命教育,我是霸王龍,小魯文化,1,本,,紅色,5
B00562,招標採購,60,060,自然,消失的動物園,小魯文化,1,本,,綠色,6
B00563,招標採購,61,061,自然,我們的森林,小魯文化,1,本,,綠色,5
B00564,招標採購,62,062,繪本,小卡車兜兜風,小魯文化,1,本,,藍色,6
B00565,招標採購,63,063,繪本,超神奇糖果鋪,小魯文化,1,本,,藍色,6
B00566,招標採購,64,064,繪本,咕嚕咕嚕蹦,小魯文化,1,本,,藍色,5
B00567,招標採購,65,065-1,繪本,小雞逛超市,小魯文化,,,,藍色,5
B00568,招標採購,66,065-2,繪本,小雞逛遊樂園,小魯文化,,,,藍色,6
B00569,招標採購,67,065-3,繪本,小雞過生日,小魯文化,,,,藍色,5
B00570,招標採購,68,065-4,繪本,小雞過耶誕節,小魯文化,,,,藍色,6
B00571,招標採購,69,066,繪本,小雞去露營,小魯文化,1,本,,藍色,5
B00572,招標採購,70,067,繪本,海盜船,小魯文化,1,本,,藍色,3
B00573,招標採購,71,068,繪本,再一遍！,小魯文化,1,本,,藍色,4
B00574,招標採購,72,069,社區,海底100層樓的家,小魯文化,1,本,,粉紅色,9
B00575,招標採購,73,070,社區,地下100層樓的家,小魯文化,1,本,,粉紅色,9
B00576,招標採購,74,071,社區,100層樓的家,小魯文化,1,本,,粉紅色,7
B00577,招標採購,75,072,繪本,躲好了沒？,小魯文化,1,本,,藍色,5
B00578,招標採購,76,073,繪本,衣服鞋子捉迷藏,小魯文化,1,本,,藍色,7
B00579,招標採購,77,074,繪本, 愛蓋章的國王,小魯文化,1,本,,藍色,7
B00580,招標採購,78,075,生命教育,第一條魚,小魯文化,1,本,,紅色,4
B00581,招標採購,79,076,繪本,帥氣小黑來報到,小魯文化,1,本,,藍色,7
B00582,招標採購,80,077,情緒,小豬別哭啦！,小魯文化,1,本,,淺藍色,6
B00583,招標採購,81,078,繪本,超神奇牙膏,小魯文化,1,本,,藍色,5
B00584,招標採購,82,079,繪本,超神奇洗髮精,小魯文化,1,本,,藍色,6
B00585,招標採購,83,080,繪本,謝謝你！小幫手,小魯文化,1,本,,藍色,7
B00586,招標採購,84,081,繪本,我是藝術家,小魯文化,1,本,,藍色,5
B00587,招標採購,85,082,繪本,動物奧運會,小魯文化,1,本,,藍色,5
B00588,招標採購,86,083,繪本,一起來騎腳踏車,小魯文化,1,本,,藍色,7
B00589,招標採購,87,084,生命教育,我從哪裡來,小樹苗,1,本,,紅色,5
B00590,招標採購,88,085,自然,台灣賞樹情報,天下文化,1,本,,綠色,6
B00591,招標採購,89,086,繪本,射日．奔月：中秋的故事,天下雜誌,1,本,,藍色,11
B00592,招標採購,90,087,繪本,一直一直往下挖,天下雜誌,1,本,,藍色,7
B00593,招標採購,91,088,社區,總有一天，想回去我的故鄉,天下雜誌,1,本,,粉紅色,12
B00594,招標採購,92,089,情緒,愛哭公主,天下雜誌,1,本,,淺藍色,4
B00595,招標採購,93,090,情緒,貝蒂好想好想吃香蕉,天下雜誌,1,本,,淺藍色,9
B00596,招標採購,94,091,自然,蔬菜是怎麼長大的呀？,水滴文化,1,本,,綠色,10
B00597,招標採購,95,092-1,繪本,巴冷公主,世一文化,,,,藍色,4
B00598,招標採購,96,092-2,繪本,日月潭的水怪,世一文化,,,,藍色,6
B00599,招標採購,97,092-3,繪本,百步蛇娶新娘,世一文化,,,,粉紅色,6
B00600,招標採購,98,092-4,繪本,占卜鳥希希利,世一文化,,,,藍色,6
B00601,招標採購,99,093-1,繪本,月亮的禮物,世一文化,,,,藍色,5
B00602,招標採購,100,093-2,繪本,冬瓜女兒,世一文化,,,,藍色,4
B00603,招標採購,101,093-3,繪本,彩虹的守候,世一文化,,,,藍色,5
B00604,招標採購,102,093-4,繪本,對付大巨人,世一文化,,,,藍色,5
B00605,招標採購,103,094-1,繪本,石頭和竹子生出來的人,世一文化,,,,藍色,10
B00606,招標採購,104,094-2,繪本,來自地底的禮物,世一文化,,,,藍色,7
B00607,招標採購,105,094-3,繪本,希望快點長大,世一文化,,,,藍色,6
B00608,招標採購,106,094-4,繪本,大黑狗耕田,世一文化,,,,藍色,5
B00609,招標採購,107,095,繪本,我的爸爸是電車司機,東方出版社,1,本,,藍色,9
B00610,招標採購,108,096-1,繪本,快！快！宅急便,東方出版社,,,,藍色,7
B00611,招標採購,109,096-2,繪本,加油！警車,東方出版社,,,,藍色,5
B00612,招標採購,110,096-3,繪本,修馬路！小心喔,東方出版社,,,,藍色,7
B00613,招標採購,111,096-4,繪本,挖土機，出發！,東方出版社,,,,藍色,7
B00614,招標採購,112,096-5,繪本,大家來蓋房子,東方出版社,,,,藍色,6
B00615,招標採購,113,096-6,繪本,搭客運去海邊,東方出版社,,,,藍色,6
B00616,招標採購,114,096-7,繪本,公車來了,東方出版社,,,,藍色,4
B00617,招標採購,115,097,繪本,電車來了噹噹噹,東方出版社,1,本,,藍色,7
B00618,招標採購,116,098,繪本,野貓軍團開火車,東方出版社,1,本,,藍色,7
B00619,招標採購,117,099,繪本,你不知道你很棒嗎?,東方出版社,1,本,,藍色,9
B00620,招標採購,118,100,繪本,我的爸爸是消防隊員,東方出版社,1,本,,藍色,9
B00621,招標採購,119,101,繪本,我的爸爸是麵包師傅,東方出版社,1,本,,藍色,9
B00622,招標採購,120,102,語言,鳥巢之歌,玉山社,1,本,,黃色,4
B00623,招標採購,121,103,情緒,我沒有哭,玉山社,1,本,,淺藍色,4
B00624,招標採購,122,104,社區,看不見的炸彈,玉山社,1,本,,粉紅色,6
B00625,招標採購,123,105,社區,過過過馬路,玉山社,1,本,,粉紅色,5
B00626,招標採購,124,106,繪本,蘿拉找王子 ,全美文化,1,本,,藍色,6
B00627,招標採購,125,107,性別,薩琪想要一個小寶寶,米奇巴克,1,本,,紫色,9
B00628,招標採購,126,108,性別,薩琪到底有沒有小雞雞？,米奇巴克,1,本,,紫色,11
B00629,招標採購,127,109,繪本,不會寫字的獅子,米奇巴克,1,本,,藍色,7
B00630,招標採購,128,110,繪本,我選我自己,米奇巴克,1,本,,藍色,5
B00631,招標採購,129,111,性別,家族相簿,和英文化,1,本,,紫色,4
B00632,招標採購,130,112,繪本,我變成一隻噴火龍了,和英文化,1,本,,藍色,9
B00633,招標採購,131,113,繪本,帕拉帕拉山的妖怪,和英文化,1,本,,藍色,8
B00634,招標採購,132,114,繪本,沒毛雞,和英文化,1,本,,藍色,3
B00635,招標採購,133,115,繪本,泥水師父,和英文化,1,本,,藍色,4
B00636,招標採購,134,116,情緒,很慢很慢的蝸牛,和英文化,1,本,,淺藍色,7
B00637,招標採購,135,117,情緒,那年冬天,和英文化,1,本,,淺藍色,4
B00638,招標採購,136,118,情緒,想念奶奶,和英文化,1,本,,淺藍色,4
B00639,招標採購,137,119,繪本,禮物,和英文化,1,本,,藍色,2
B00640,招標採購,138,120,社區,熊爸爸去另一個城市工作,和英文化,1,本,,粉紅色,11
B00641,招標採購,139,121,情緒,媽媽，外面有陽光,和英文化,1,本,,淺藍色,8
B00642,招標採購,140,122,繪本,阿迪和朱莉,和英文化,1,本,,藍色,5
B00643,招標採購,141,123,社區,早起的一天,和英文化,1,本,,粉紅色,5
B00644,招標採購,142,124,生命教育,我家住在大海邊,和英文化,1,本,,紅色,7
B00645,招標採購,143,125,情緒,誰是膽小鬼,和英文化,1,本,,淺藍色,5
B00646,招標採購,144,126,自然,我的春夏秋冬,和英文化,1,本,,綠色,6
B00647,招標採購,145,127,繪本,胖先生和高大個,和英文化,1,本,,藍色,7
B00648,招標採購,146,128,生命教育,流浪狗之歌,和英文化,1,本,,紅色,5
B00649,招標採購,147,129,性別,家族相簿,和英文化,1,本,,紫色,4
B00650,招標採購,148,130,生命教育,開往遠方的列車,和英文化,1,本,,紅色,7
B00651,招標採購,149,131,繪本,天才寶寶,和英文化,1,本,,藍色,4
B00652,招標採購,150,132,繪本,點,和英文化,1,本,,藍色,1
B00653,招標採購,151,133,繪本,天空為什麼是藍色的？,和英文化,1,本,,藍色,10
B00654,招標採購,152,134,情緒,永遠愛你,和英文化,1,本,,淺藍色,4
B00655,招標採購,153,135,繪本,南瓜湯,和英文化,1,本,,藍色,3
B00656,招標採購,154,136,情緒,超級完美的潘百麗老師,和英文化,1,本,,淺藍色,10
B00657,招標採購,155,137,繪本,我的好夢床,和英文化,1,本,,藍色,5
B00658,招標採購,156,138,社區,家,和英文化,1,本,,粉紅色,1
B00659,招標採購,157,139,自然,大木棉樹—亞馬遜雨林的故事,和英文化,1,本,,綠色,13
B00660,招標採購,158,140,自然,自然大驚奇：由遠到近‧由近到遠,和英文化,1,本,,綠色,15
B00661,招標採購,159,141,生命教育,一位溫柔善良有錢的太太和她100隻狗,和英文化,1,本,,紅色,18
B00662,招標採購,160,142,生命教育,世界為誰存在？,和英文化,1,本,,紅色,7
B00663,招標採購,161,143,生命教育,超級悍將 :動物求生大驚奇,和英文化,1,本,,紅色,13
B00664,招標採購,162,144,繪本,藝術在哪裡？,和英文化,1,本,,藍色,6
B00665,招標採購,163,145,語言,插畫散步－從台北到紐約,和英文化,1,本,,黃色,11
B00666,招標採購,164,146,繪本,妞妞的鹿角,和英文化,1,本,,藍色,5
B00667,招標採購,165,147,繪本,大家一起拔蘿蔔,和英文化,1,本,,藍色,7
B00668,招標採購,166,148,社區,走，去迪化街買年貨,青林,1,本,,粉紅色,9
B00669,招標採購,167,149,社區,奉茶,青林,1,本,,粉紅色,2
B00670,招標採購,168,150,社區,勇士爸爸去搶孤,青林,1,本,,粉紅色,7
B00671,招標採購,169,151,繪本,萬和宮老二媽的故事,青林,1,本,,藍色,9
B00672,招標採購,170,152,社區,要到哪裡去呢?,青林,1,本,,粉紅色,7
B00673,招標採購,171,153,繪本,長得很像吧!?,青林,1,本,,藍色,7
B00674,招標採購,172,154,繪本,拼被人送的禮,青林,1,本,,藍色,6
B00675,招標採購,173,155,繪本,拼被人去旅行,青林,1,本,,藍色,6
B00676,招標採購,174,156,繪本,漢妮卡特小姐的帽子,青林,1,本,,藍色,9
B00677,招標採購,175,157,生命教育,紅公雞,信誼基金出版社,1,本,,紅色,3
B00678,招標採購,176,158,繪本,媽媽買綠豆,信誼基金出版社,1,本,,藍色,5
B00679,招標採購,177,159,生命教育,小魚散步,信誼基金出版社,1,本,,紅色,4
B00680,招標採購,178,160-1,繪本,眼鏡公主,信誼基金出版社,,,,藍色,4
B00681,招標採購,179,160-2,健康,蛀牙王子,信誼基金出版社,,,,紅色,4
B00682,招標採購,180,161-1,情緒,害羞小公主,信誼基金出版社,,,,淺藍色,5
B00683,招標採購,181,161-2,繪本,哈啾小王子,信誼基金出版社,,,,藍色,5
B00684,招標採購,182,162,繪本,劍獅出巡,信誼基金出版社,1,本,,藍色,4
B00685,招標採購,183,163,繪本,劍獅擒魚,信誼基金出版社,1,本,,藍色,4
B00686,招標採購,184,164-1,繪本,兩顆草莓,信誼基金出版社,,,,藍色,4
B00687,招標採購,185,164-2,繪本,聖誕老公公和小莉,信誼基金出版社,,,,藍色,8
B00688,招標採購,186,164-3,繪本,褲子的聖誕節,信誼基金出版社,,,,藍色,6
B00689,招標採購,187,165,生命教育,Guji Guji,信誼基金出版社,1,本,,紅色,9
B00690,招標採購,188,166,繪本,小金魚逃走了,信誼基金出版社,1,本,,藍色,6
B00691,招標採購,189,167,情緒,黑兔和白兔,南海出版公司,1,本,,淺藍色,5
B00692,招標採購,190,168,生命教育,愛心樹,星月書房,1,本,,紅色,3
B00693,招標採購,191,169,自然,樹醫生,洪葉文化,1,本,,綠色,3
B00694,招標採購,192,170,性別,朱家故事,英文漢聲,1,本,,紫色,4
B00695,招標採購,193,171,繪本,野獸國,英文漢聲,1,本,,藍色,3
B00696,招標採購,194,172,繪本,第一次上街買東西,英文漢聲,1,本,,藍色,8
B00697,招標採購,195,173,繪本,佳佳的妹妹不見了,英文漢聲,1,本,,藍色,8
B00698,招標採購,196,174,情緒,今天是什麼日子,英文漢聲,1,本,,淺藍色,7
B00699,招標採購,197,175,社區,請為每個孩子著想,格林文化,1,本,,粉紅色,8
B00700,招標採購,198,176,繪本,哪個星星是我家？,格林文化,1,本,,藍色,8
B00701,招標採購,199,177,情緒,渴望自由的翅膀,格林文化,1,本,,淺藍色,7
B00702,招標採購,200,178,情緒,我思我問,格林文化,1,本,,淺藍色,4
B00703,招標採購,201,179,情緒,害怕受傷的心,格林文化,1,本,,淺藍色,6
B00704,招標採購,202,180,繪本,阿倫王子歷險記,格林文化,1,本,,藍色,7
B00705,招標採購,203,181,繪本,白熊的內褲,格林文化,1,本,,藍色,5
B00706,招標採購,204,182,繪本,大象去哪兒？,格林文化,1,本,,藍色,6
B00707,招標採購,205,183,繪本,我是推土機！,格林文化,1,本,,藍色,6
B00708,招標採購,206,184,自然,2隻眼睛？,格林文化,1,本,,綠色,5
B00709,招標採購,207,185,性別,好事成雙,格林文化,1,本,,紫色,4
B00710,招標採購,208,186,繪本,英 倫 玫 瑰,格林文化,1,本,,藍色,7
B00711,招標採購,209,187,性別,媽媽沒告訴我,格林文化,1,本,,紫色,6
B00712,招標採購,210,188,性別,有什麼毛病,格林文化,1,本,,紫色,5
B00713,招標採購,211,189,情緒,大方柏大力,格林文化,1,本,,淺藍色,5
B00714,招標採購,212,190,繪本,我的城市是什麼顏色？,格林文化,1,本,,藍色,10
B00715,招標採購,213,191,繪本,小小迷路,格林文化,1,本,,藍色,4
B00716,招標採購,214,192,性別,特別的瑪利亞,格林文化,1,本,,紫色,6
B00717,招標採購,215,193,情緒,真心送給你,格林文化,1,本,,淺藍色,5
B00718,招標採購,216,194,繪本,最要好的朋友,格林文化,1,本,,藍色,6
B00719,招標採購,217,195,繪本,頑皮公主不上學,格林文化,1,本,,藍色,7
B00720,招標採購,218,196,繪本,我要做個好小孩,格林文化,1,本,,藍色,7
B00721,招標採購,219,197,情緒,找回真愛,格林文化,1,本,,淺藍色,4
B00722,招標採購,220,198,性別,灰王子,格林文化,1,本,,紫色,3
B00723,招標採購,221,199,情緒,喜歡和你在一起,格林文化,1,本,,淺藍色,7
B00724,招標採購,222,200,繪本,龍阿蠻,格林文化,1,本,,藍色,3
B00725,招標採購,223,201,社區,鬥年獸,格林文化,1,本,,粉紅色,3
B00726,招標採購,224,202,社區,矮靈祭,格林文化,1,本,,粉紅色,3
B00727,招標採購,225,203,性別,頑皮公主不出嫁,格林出版,1,本,,紫色,7
B00728,招標採購,226,204,繪本,我們家的長板凳,國語日報,1,本,,藍色,7
B00729,招標採購,227,205,生命教育,椅子樹,國語日報,1,本,,紅色,3
B00730,招標採購,228,206,繪本,蘿拉的藏寶圖,國語日報,1,本,,藍色,6
B00731,招標採購,229,207,情緒,小小其實並不小,國語日報,1,本,,淺藍色,7
B00732,招標採購,230,208,繪本,校長野餐約會,康健,1,本,,藍色,6
B00733,招標採購,231,209,繪本,刺蝟的帽子,康健,1,本,,藍色,5
B00734,招標採購,232,210,繪本,黑熊的勝利V領巾,康健,1,本,,藍色,8
B00735,招標採購,233,211,繪本,哎呀！小象跌倒了！,康健,1,本,,藍色,9
B00736,招標採購,234,212,繪本,校長，可不可以不要打針？,康健,1,本,,藍色,12
B00737,招標採購,235,213,繪本,我不要吃青菜,康健,1,本,,紅色,6
B00738,招標採購,236,214,繪本,小猴子魯巴巴,愛智,1,本,,藍色,6
B00739,招標採購,237,215,性別,最珍貴的禮物,道聲出版社,1,本,,紫色,6
B00740,招標採購,238,216,情緒,葛莉兒的聖誕襪,道聲出版社,1,本,,淺藍色,7
B00741,招標採購,239,217,生命教育,我長大了,道聲出版社,1,本,,紅色,4
B00742,招標採購,240,218,,神明繪本,漢湘文化,1,套,,一套四本,4
B00743,招標採購,241,218-1,社區,財神,漢湘文化,,,,粉紅色,2
B00744,招標採購,242,218-2,社區,灶神,漢湘文化,,,,粉紅色,2
B00745,招標採購,243,218-3,社區,門神,漢湘文化,,,,粉紅色,2
B00746,招標採購,244,218-4,繪本,月老,漢湘文化,,,,藍色,2
B00747,招標採購,245,219,繪本,十二生肖的故事,漢湘文化,1,本,,藍色,7
B00748,招標採購,246,220,繪本,十二生肖誰第一?,漢湘文化,1,本,,藍色,8
B00749,招標採購,247,221,自然,站在爸爸的腳上：皇帝企鵝的故事,維京,1,本,,綠色,15
B00750,招標採購,248,222,性別,小威向前衝,維京,1,本,,紫色,5
B00751,招標採購,249,223,性別,我的小雞雞,維京,1,本,,紫色,5
B00752,招標採購,250,224,情緒,各種各樣的情緒-感覺大書,維京,1,本,,淺藍色,12
B00753,招標採購,251,225,情緒,我爸爸超厲害！,維京,1,本,,淺藍色,7
B00754,招標採購,252,226,自然,蔬菜運動會,維京,1,本,,綠色,5
B00755,招標採購,253,227,自然,水果海水浴,維京,1,本,,綠色,5
B00756,招標採購,254,228,繪本,小恩的祕密花園,遠流文化,1,本,,藍色,7
B00757,招標採購,255,229,情緒,大姊姊和小妹妹,遠流文化,1,本,,淺藍色,7
B00758,招標採購,256,230,繪本,我的媽媽真麻煩,遠流文化,1,本,,藍色,7
B00759,招標採購,257,231,性別,威廉的洋娃娃,遠流文化,1,本,,紫色,6
B00760,招標採購,258,232,情緒,潔西卡和大野狼,遠流文化,1,本,,淺藍色,7
B00761,招標採購,259,233,性別,六個男人,遠流文化,1,本,,紫色,4
B00762,招標採購,260,234,性別,媽媽爸爸不住在一起了,遠流文化,1,本,,紫色,10
B00763,招標採購,261,235,性別,愛花的牛,遠流文化,1,本,,紫色,4
B00764,招標採購,262,236,社區,三重溪水壩事件,遠流文化,1,本,,粉紅色,7
B00765,招標採購,263,237,繪本,愛書人黃茉莉,遠流文化,1,本,,藍色,6
B00766,招標採購,264,238,社區,圖書館女超人,遠流文化,1,本,,粉紅色,6
B00767,招標採購,265,239,性別,紙袋公主,遠流文化,1,本,,紫色,4
B00768,招標採購,266,240,繪本,蠟筆大罷工,遠流文化,1,本,,藍色,5
B00769,招標採購,267,241,繪本,肚臍的洞洞,遠流文化,1,本,,藍色,5
B00770,招標採購,268,242,繪本,祖父的祖父的祖父的祖父,遠流文化,1,本,,藍色,11
B00771,招標採購,269,243,繪本,巧媳婦智鬥縣太爺,稻田,1,本,,藍色,8
B00772,招標採購,270,244,生命教育,小蓮的祕密,聯經,1,本,,紅色,5
B00773,幼兒園購買,1,007-4-07-EA-001,情緒,我那顆在搖的牙齒絕對不能掉,上誼文化公司,1,本,,淺藍色,13
B00774,幼兒園購買,2,007-4-07-EA-002,情緒,我不睏，我不要睡覺,上誼文化公司,1,本,,淺藍色,9
B00775,幼兒園購買,3,007-4-07-EA-003,情緒,我太小，我不要上學,上誼文化公司,1,本,,淺藍色,9
B00776,幼兒園購買,4,007-4-07-EA-004,身體健康,我絕對絕對不吃番茄,上誼文化公司,1,本,,紅色,9
B00777,幼兒園購買,5,007-4-07-EA-005,自然,雞的ㄋㄟㄋㄟ,三之三,1,本,,綠色,6
B00778,幼兒園購買,6,007-4-07-EA-006,繪本,三隻餓狼想吃雞,三之三,1,本,,藍色,7
B00779,幼兒園購買,7,007-4-07-EA-007,繪本,一隻小豬與100匹狼,三之三,1,本,,藍色,10
B00780,幼兒園購買,8,007-4-07-EA-008,繪本,好想要一個娃娃,三之三,1,本,,藍色,7
B00781,幼兒園購買,9,007-4-07-EA-009,繪本,我才不放手呢,三之三,1,本,,藍色,6
B00782,幼兒園購買,10,007-4-07-EA-010,自然,都是放屁惹的禍,維京 ,1,本,,綠色,7
B00783,幼兒園購買,11,007-4-07-EA-011,社會,謝謝妳小幫手,小魯文化  ,1,本,,粉紅色,6
B00784,幼兒園購買,12,007-4-07-EA-012,身體健康,愛吃水果的牛,信誼,1,本,,紅色,6
B00785,幼兒園購買,13,007-4-07-EA-013,身體健康,你是一隻獅子,天下雜誌,1,本,,紅色,6
B00786,幼兒園購買,14,007-4-07-EA-014,自然,來喝水吧,小天下,1,本,,綠色,4
B00787,幼兒園購買,15,007-4-07-EA-015,繪本,貛爸便當店,大穎文化,1,本,,藍色,5
B00788,幼兒園購買,16,007-4-07-EA-016,身體健康,蛀牙蟲家族大搬家,小熊出版,1,本,,紅色,8
B00789,幼兒園購買,17,007-4-07-EA-017,社會,森林是我的家,格林,1,本,,粉紅色,6
B00790,幼兒園購買,18,007-4-07-EA-018,身體健康,開心農場：怎麼吃健康又環保？,格林,1,本,,紅色,14
B00791,幼兒園購買,19,007-4-07-EA-019,社會,彩虹魚,青林 ,1,本,,粉紅色,3
B00792,幼兒園購買,20,007-4-07-EA-020,自然,小蠶豆的床,青林 ,1,本,,綠色,5
B00793,幼兒園購買,21,007-4-07-EA-021,社會,不可以搶我的糖果,格林文化,1,本,,粉紅色,8
B00794,幼兒園購買,22,007-4-07-EA-022,繪本,一塊披薩一塊錢,格林文化,1,本,,藍色,7
B00795,幼兒園購買,23,007-4-07-EA-023,社會,沒關係我幫你,格林文化,1,本,,粉紅色,6
B00796,幼兒園購買,24,007-4-07-EA-024,自然,颱風的那一天,愛智 ,1,本,,綠色,6
B00797,幼兒園購買,25,007-4-07-EA-025,情緒,爸爸有一千隻手,格林文化,1,本,,淺藍色,7
B00798,幼兒園購買,26,007-4-07-EA-026,繪本,好大一個噴嚏,格林文化,1,本,,藍色,6
B00799,幼兒園購買,27,007-4-07-EA-027,繪本,一個不能沒有禮物的日子,和英,1,本,,藍色,11
B00800,幼兒園購買,28,007-4-07-EA-028,自然,討厭黑暗的席奶奶,遠流 ,1,本,,綠色,8
B00801,幼兒園購買,29,007-4-07-EA-029,社會,我的姐姐不一樣,遠流 ,1,本,,粉紅色,7
B00802,幼兒園購買,30,007-4-07-EA-030,社會,我的妹妹聽不見,遠流 ,1,本,,粉紅色,7
B00803,幼兒園購買,31,007-4-07-EA-031,社會,跟著爺爺看,遠流 ,1,本,,粉紅色,5
B00804,幼兒園購買,32,007-4-07-EA-032,情緒,班班的地盤,遠流,1,本,,淺藍色,5
B00805,幼兒園購買,33,007-4-07-EA-033,社會,和我玩好嗎？,遠流,1,本,,粉紅色,6
B00806,幼兒園購買,34,007-4-07-EA-034,繪本,好髒的哈利,遠流,1,本,,藍色,5
B00807,幼兒園購買,35,007-4-07-EA-035,社會,大象艾瑪,和英,1,本,,粉紅色,4
B00808,幼兒園購買,36,007-4-07-EA-036,社會,艾瑪與艾度爺爺,和英,1,本,,粉紅色,7
B00809,幼兒園購買,37,007-4-07-EA-037,繪本,艾瑪踩高蹺,和英,1,本,,藍色,5
B00810,幼兒園購買,38,007-4-07-EA-038,自然,艾瑪與風,和英,1,本,,綠色,4
B00811,幼兒園購買,39,007-4-07-EA-039,繪本,艾瑪回來了,和英,1,本,,藍色,5
B00812,幼兒園購買,40,007-4-07-EA-040,繪本,艾瑪玩捉迷藏,和英,1,本,,藍色,6
B00813,幼兒園購買,41,007-4-07-EA-041,語文,門鈴又響了,遠流,1,本,,黃色,5
B00814,幼兒園購買,42,007-4-07-EA-042,繪本,包姆與凱羅購物記,九童國際,1,套,,藍色,8
B00815,幼兒園購買,43,007-4-07-EA-043,繪本,包姆與凱羅的天空之旅,九童國際,1,套,,藍色,10
B00816,幼兒園購買,44,007-4-07-EA-044,繪本,包姆與凱羅的星期天,九童國際,1,套,,藍色,9
B00817,幼兒園購買,45,007-4-07-EA-045,繪本,包姆與凱羅的冬日早晨,九童國際,1,套,,藍色,10
B00818,幼兒園購買,46,007-4-07-EA-046,身體健康,牙齒和嘴巴的奧秘,臺灣麥克,1,套,,紅色,8
B00819,幼兒園購買,47,007-4-07-EA-047,身體健康,"大
便的奧秘",臺灣麥克,1,套,,紅色,6
B00820,幼兒園購買,48,007-4-07-EA-048,身體健康,血液和心臟的奧秘,臺灣麥克,1,套,,紅色,8
B00821,幼兒園購買,49,007-4-07-EA-049,身體健康,骨骼的奧秘,臺灣麥克,1,套,,紅色,5
B00822,幼兒園購買,50,007-4-07-EA-050,身體健康,頭部的奧秘,臺灣麥克,1,套,,紅色,5
B00823,幼兒園購買,51,007-4-07-EA-051,身體健康,食物的奧秘,臺灣麥克,1,套,,紅色,5
B00824,幼兒園購買,52,007-4-07-EA-052,身體健康,感冒的奧秘,臺灣麥克,1,套,,紅色,5
B00825,幼兒園購買,53,007-4-07-EA-053,身體健康,身體的奧秘,臺灣麥克,1,套,,紅色,5
B00826,幼兒園購買,54,007-4-07-EA-054,身體健康,不可思議的身體,臺灣麥克,1,套,,紅色,7
B00827,幼兒園購買,55,007-4-07-EA-055,身體健康,眼睛大發現,臺灣麥克,1,套,,紅色,5
B00828,幼兒園購買,56,007-4-07-EA-056,身體健康,千變萬化的臉,臺灣麥克,1,套,,紅色,6
B00829,幼兒園購買,57,007-4-07-EA-057,身體健康,好奇妙的手和腳,臺灣麥克,1,套,,紅色,7
B00830,幼兒園購買,58,007-4-07-EA-058,性別教育,男生和女生不一樣,臺灣麥克,1,套,,紫色,8
B00831,幼兒園購買,59,007-4-07-EA-059,身體健康,為什麼會打噴嚏、放屁？,臺灣麥克,1,套,,紅色,12
B00832,幼兒園購買,60,007-4-07-EA-060,身體健康,好痛！好痛！為什麼？,臺灣麥克,1,套,,紅色,10
B00833,幼兒園購買,61,007-4-07-EA-061,身體健康,身體迷宮大探險,臺灣麥克,1,套,,紅色,7
B00834,幼兒園購買,62,007-4-07-EA-062,繪本,貝絲的心願,巧育文化,1,套,,藍色,5
B00835,幼兒園購買,63,007-4-07-EA-063,社會,真的！,巧育文化,1,套,,粉紅色,3
B00836,幼兒園購買,64,007-4-07-EA-064,自然,沙漠中的一桶水,巧育文化,1,套,,綠色,7
B00837,幼兒園購買,65,007-4-07-EA-065,社會,避雨,巧育文化,1,套,,粉紅色,2
B00838,幼兒園購買,66,007-4-07-EA-066,社會,豬奶奶不在家,巧育文化,1,套,,粉紅色,6
B00839,幼兒園購買,67,007-4-07-EA-067,社會,流浪貓,巧育文化,1,套,,粉紅色,3
B00840,幼兒園購買,68,007-4-07-EA-068,社會,對不起,巧育文化,1,套,,粉紅色,3
B00841,幼兒園購買,69,007-4-07-EA-069,社會,請,巧育文化,1,套,,粉紅色,1
B00842,幼兒園購買,70,007-4-07-EA-070,社會,我愛你,巧育文化,1,套,,粉紅色,3
B00843,幼兒園購買,71,007-4-07-EA-071,社會,謝謝你,巧育文化,1,套,,粉紅色,3
B00844,幼兒園購買,72,007-4-07-EA-072,社會,吉娜的布偶小狐狸,巧育文化,1,套,,粉紅色,8
B00845,幼兒園購買,73,007-4-07-EA-073,社會,樵夫的奇幻歷險,巧育文化,1,套,,粉紅色,7
B00846,幼兒園購買,74,007-4-07-EA-074,繪本,媽媽不在家,巧育文化,1,套,,藍色,5
B00847,幼兒園購買,75,007-4-07-EA-075,繪本,莫先生的草地,巧育文化,1,套,,藍色,6
B00848,幼兒園購買,76,007-4-07-EA-076,繪本,發霉的紅蘿蔔餅,巧育文化,1,套,,藍色,7
B00849,幼兒園購買,77,007-4-07-EA-077,繪本,誰偷了紅蘿蔔,巧育文化,1,套,,藍色,6
B00850,幼兒園購買,78,007-4-07-EA-078,繪本,很兇很兇的老鷹,巧育文化,1,套,,藍色,7
B00851,幼兒園購買,79,007-4-07-EA-079,社會,兩個秘密,巧育文化,1,套,,粉紅色,4
B00852,幼兒園購買,80,007-4-07-EA-080,繪本,棉花糖的早餐,巧育文化,1,套,,藍色,6
B00853,幼兒園購買,81,007-4-07-EA-081,社會,兔子借地,巧育文化,1,套,,粉紅色,4
B00854,幼兒園購買,82,007-4-07-EA-082,語文,我小時候長什麼樣子,上人,1,本,,黃色,9
B00855,幼兒園購買,83,007-4-07-EA-083,自然,如果垃圾越積越多…,上人,1,本,,綠色,9
B00856,幼兒園購買,84,007-4-07-EA-084,情緒,小毛，不可以！,維京 ,1,套,,淺藍色,7
B00857,幼兒園購買,85,007-4-07-EA-085,情緒,小毛，惹麻煩,維京 ,1,套,,淺藍色,6
B00858,幼兒園購買,86,007-4-07-EA-086,情緒,小毛上學去,維京 ,1,套,,淺藍色,5
B00859,幼兒園購買,87,007-4-07-EA-087,繪本,大家來大便,漢聲,1,本,,藍色,5
B00860,幼兒園購買,88,007-4-07-EA-088,美勞,我會摺紙一本通,幼福,1,本,,助人,7
B00861,幼兒園購買,89,007-4-07-EA-089,美勞,魔法摺紙大師-百變摺紙,幼福,1,本,,快樂,11
B00862,幼兒園購買,90,007-4-07-EA-090,美勞,魔法摺紙大師-歡樂摺紙,幼福,1,本,,助人,11
B00863,幼兒園購買,91,007-4-07-EA-091,美勞,摺紙小百科,幼福,1,本,,合作,5
B00864,幼兒園購買,92,007-4-07-EA-092,美勞,折紙大全,風車,1,本,,助人,4
B00865,幼兒園購買,93,007-4-07-EA-093,美勞,親子同樂玩摺紙,漢欣文化,1,本,,快樂,7
B00866,幼兒園購買,94,007-4-07-EA-094,美勞,益智摺紙,漢欣文化,1,本,,合作,4
B00867,幼兒園購買,95,007-4-07-EA-095,社會,人人生而自由,聯經,1,本,,粉紅色,6
B00868,幼兒園購買,96,007-4-07-EA-096,社會,街道是大家的,遠流,1,本,,粉紅色,6
B00869,幼兒園購買,97,007-4-07-EA-097,社會,環遊世界交朋友 ,飛寶國際,1,本,,粉紅色,8
B00870,幼兒園購買,98,007-4-07-EA-098,社會,輪椅是我的腳,東方,1,本,,粉紅色,6
B00871,幼兒園購買,99,007-4-07-EA-099,語文,第一條魚,小魯,1,本,,黃色,4
B00872,幼兒園購買,100,007-4-07-EA-100,情緒,是蝸牛開始的,三之三文化,1,本,,淺藍色,6
B00873,幼兒園購買,101,007-4-07-EA-101,社會,我是老大,米奇巴克,1,本,,粉紅色,4
B00874,幼兒園購買,102,007-4-07-EA-102,英文繪本,DINOSAURS,,1,本,105.01購入    教師參考書,,9
B00875,幼兒園購買,103,007-4-07-EA-103,自然,浮冰上的小熊,維京,1,本,105.02購入,綠色,6
B00876,幼兒園購買,104,007-4-07-EA-104,語文,大熊抱抱,維京,1,本,105.02購入,黃色,4
B00877,幼兒園購買,105,007-4-07-EA-105,自然, 北極熊搶救家園,幼獅文化,1,本,105.02購入,綠色,8
B00878,幼兒園購買,106,007-4-07-EA-106,自然,森林是我家,格林,1,本,105.02購入,綠色,5
B00879,幼兒園購買,107,007-4-07-EA-107,社會,當風吹來的時候,漢聲,1,本,105.02購入,粉紅色,7
B00880,幼兒園購買,108,007-4-07-EA-108,社會,福島來的孩子,星月,1,本,105.02購入,粉紅色,6
B00881,幼兒園購買,109,007-4-07-EA-109,社會,好東西,小魯,1,本,105.02購入,粉紅色,3
B00882,幼兒園購買,110,007-4-07-EA-110,自然,從山裡逃出來/垃圾丟啊！     ,天下,1,本,105.02購入,綠色,17
B00883,幼兒園購買,111,007-4-07-EA-111,自然,上山種下一棵樹,小天下   ,1,本,105.02購入,綠色,7
B00884,幼兒園購買,112,007-4-07-EA-112,語文,阿諾的花園,小天下   ,1,1套3本,105.02購入,黃色,5
B00885,幼兒園購買,113,007-4-07-EA-113,語文,航海小英雄,小天下   ,1,套,105.02購入,黃色,5
B00886,幼兒園購買,114,007-4-07-EA-114,語文,阿吉的許願鼓,小天下   ,1,套,105.02購入,黃色,6
B00887,幼兒園購買,115,007-4-07-EA-115,情緒,阿文的小毯子,三之三,1,本,105.02購入,淺藍色,6
B00888,幼兒園購買,116,007-4-07-EA-116,情緒,我不敢說，我怕被罵,大穎文化,1,本,105.02購入,淺藍色,9
B00889,幼兒園購買,117,007-4-07-EA-117,性別教育,你不可以隨便摸我,大穎文化,1,本,105.02購入,紫色,8
B00890,幼兒園購買,118,007-4-07-EA-118,社會,如果沒有人喜歡我，我也要喜歡自己,大穎文化,1,本,105.02購入,粉紅色,16
B00891,幼兒園購買,119,007-4-07-EA-119,社會,你不可以欺負我,大穎文化,1,本,105.02購入,粉紅色,7
B00892,幼兒園購買,120,007-4-07-EA-120,自然,風的力量,上人文化,1,本,105.02購入,綠色,4
B00893,幼兒園購買,121,007-4-07-EA-121,社會,環保生活出發,上人文化,1,本,105.02購入,粉紅色,6
B00894,幼兒園購買,122,007-4-07-EA-122,自然,自來水的旅行,上人文化,1,本,105.02購入,綠色,6
B00895,幼兒園購買,123,007-4-07-EA-123,美感,自然野趣DIY,天下文化,1,本,104學年下特教補助,藍色,7
B00896,幼兒園購買,124,007-4-07-EA-124,美感,動手做自然,晨星文化,1,本,104學年下特教補助,藍色,5
B00897,幼兒園購買,125,007-4-07-EA-125,語文,國語辭典,世一,3,本,105.04購入,黃色,4
B00898,幼兒園購買,126,007-4-07-EA-126,自然,草坪雜草圖鑑,貓頭鷹,1,本,105.04購入,綠色,6
B00899,幼兒園購買,127,007-4-07-EA-127,自然,昆蟲圖鑑,遠流,1,本,105.06購入,綠色,4
B00900,幼兒園購買,128,007-4-07-EA-128,繪本,驚喜的禮物,閣林文創,1,本,105.06購入,藍色,5
B00901,幼兒園購買,129,007-4-07-EA-129,繪本,奇妙的一天,閣林文創,1,本,105.06購入,藍色,5
B00902,幼兒園購買,130,007-4-07-EA-130,情緒,爸爸陪陪我,閣林文創,1,本,105.06購入,淺藍色,5
B00903,幼兒園購買,131,007-4-07-EA-131,身體健康,襪子去哪了？,閣林文創,1,本,105.06購入,紅色,6
B00904,幼兒園購買,132,007-4-07-EA-132,情緒,布魯斯的勇敢之旅,閣林文創,1,本,105.06購入,淺藍色,8
B00905,幼兒園購買,133,007-4-07-EA-133,語文,都是我的,閣林文創,1,本,105.06購入,黃色,4
B00906,幼兒園購買,134,007-4-07-EA-134,語文,大家一起坐,閣林文創,1,本,105.06購入,黃色,5
B00907,幼兒園購買,135,007-4-07-EA-135,繪本,是誰受傷了,閣林文創,1,本,105.06購入,藍色,5
B00908,幼兒園購買,136,007-4-07-EA-136,繪本,跳舞吧！大熊,閣林文創,1,本,105.06購入,藍色,6
B00909,幼兒園購買,137,007-4-07-EA-137,社會,1個變7個,閣林文創,1,本,105.06購入,粉紅色,5
B00910,幼兒園購買,138,007-4-07-EA-138,繪本,魚的願望,閣林文創,1,本,105.06購入,藍色,4
B00911,幼兒園購買,139,007-4-07-EA-139,繪本,種花做桌子,閣林文創,1,本,105.06購入,藍色,5
B00912,幼兒園購買,140,007-4-07-EA-140,語文,爺爺的搖椅,閣林文創,1,本,105.06購入,黃色,5
B00913,幼兒園購買,141,007-4-07-EA-141,語文,這是秘密唷！,閣林文創,1,本,105.06購入,黃色,6
B00914,幼兒園購買,142,007-4-07-EA-142,語文,兔子家的蜜糖豬,閣林文創,1,本,105.06購入,黃色,7
B00915,幼兒園購買,143,007-4-07-EA-143,語文,黃氣球,閣林文創,1,本,105.06購入,黃色,3
B00916,幼兒園購買,144,007-4-07-EA-144,自然,好客的大樹,閣林文創,1,本,105.06購入,綠色,5
B00917,幼兒園購買,145,007-4-07-EA-145,自然,忙碌的河流,閣林文創,1,本,105.06購入,綠色,5
B00918,幼兒園購買,146,007-4-07-EA-146,自然,美麗的草地,閣林文創,1,本,105.06購入,綠色,5
B00919,幼兒園購買,147,007-4-07-EA-147,繪本,殼斗村的帽子店,維京,1,本,105.08購入,藍色,7
B00920,幼兒園購買,148,007-4-07-EA-148,繪本,殼斗村的麵包店,維京,1,本,105.08購入,藍色,7
B00921,幼兒園購買,149,007-4-07-EA-149,繪本,殼斗村的警察叔叔,維京,1,本,105.08購入,藍色,8
B00922,幼兒園購買,150,007-4-07-EA-150,健康,鱷魚艾倫又大又可怕的牙齒,維京,1,本,105.08購入,紅色,12
B00923,幼兒園購買,151,007-4-07-EA-151,繪本,小小救援隊，出動！,親子天下,1,本,105.08購入,藍色,9
B00924,幼兒園購買,152,007-4-07-EA-152,繪本,市場街最後一站,小天下,1,本,105.08購入,藍色,7
B00925,幼兒園購買,153,007-4-07-EA-153,健康,我不要打針,小熊出版,1,本,105.08購入,紅色,5
B00926,幼兒園購買,154,007-4-07-EA-154,情緒,勇敢的消防車,小熊出版,1,本,105.08購入,黃色,6
B00927,幼兒園購買,155,007-4-07-EA-155,健康,刷牙，牙不痛,格林,1,本,105.09購入,紅色,6
B00928,幼兒園購買,156,007-4-07-EA-156,繪本,颱風那一天,格林,1,本,105.09購入,藍色,5
B00929,幼兒園購買,157,007-4-07-EA-157,生命教育,爺爺有沒有穿西裝？,格林,1,本,105.09購入,黃色,9
B00930,幼兒園購買,158,007-4-07-EA-158,繪本,阿比忘了什麼？,格林,1,本,105.09購入,藍色,7
B00931,幼兒園購買,159,007-4-07-EA-159,情緒,大吼大叫的企鵝媽媽,親子天下,1,本,105.09購入,淺藍色,9
B00932,幼兒園購買,160,007-4-07-EA-160,繪本,沒關係，沒關係,親子天下,1,本,105.09購入,藍色,7
B00933,幼兒園購買,161,007-4-07-EA-161,健康,食物哪裡來？美食旅行團出發！,小天下,1,本,105.09購入,紅色,14
B00934,幼兒園購買,162,007-4-07-EA-162,生命教育,獾的禮物,遠流,1,本,105.09購入,黃色,4
B00935,幼兒園購買,163,007-4-07-EA-163,生命教育,想念外公,遠流,1,本,105.09購入,黃色,4
B00936,幼兒園購買,164,007-4-07-EA-164,社會,10件事我做了，世界會更好,青林 ,1,本,105.09購入,粉紅色,13
B00937,幼兒園購買,165,007-4-07-EA-165,繪本,青蛙樂隊,青林 ,1,本,105.09購入,藍色,4
B00938,幼兒園購買,166,007-4-07-EA-166,生命教育,記得我們的約定唷,東方,1,本,105.09購入,黃色,8
B00939,幼兒園購買,167,007-4-07-EA-167,健康,爺爺的有機麵包,聯經,1,本,105.09購入,紅色,7
B00940,幼兒園購買,168,007-4-07-EA-168,情緒,我有友情要出租,國語日報,1,本,105.09購入,淺藍色,7
B00941,幼兒園購買,169,007-4-07-EA-169,情緒,阿尼，加油！,幼獅文化,1,本,105.09購入,淺藍色,6
B00942,幼兒園購買,170,007-4-07-EA-170,繪本,早起的一天,親子天下,1,本,105學年度教保資源中心,藍色,5
B00943,幼兒園購買,171,007-4-07-EA-171,情緒,生氣王子,親子天下,1,本,105學年度教保資源中心,淺藍色,4
B00944,幼兒園購買,172,007-4-07-EA-172,情緒,愛哭公主,親子天下,1,本,105學年度教保資源中心,淺藍色,4
B00945,幼兒園購買,173,007-4-07-EA-173,社區,我和我家附近的野狗們,親子天下,1,本,105學年度教保資源中心,粉紅色,10
B00946,幼兒園購買,174,007-4-07-EA-174,繪本,長襪皮皮,親子天下,1,本,105學年度教保資源中心,藍色,4
B00947,幼兒園購買,175,007-4-07-EA-175,語文,長襪皮皮到南島,親子天下,1,本,105學年度教保資源中心,黃色,7
B00948,幼兒園購買,176,007-4-07-EA-176,語文,長襪皮皮出海去,親子天下,1,本,105學年度教保資源中心,黃色,7
B00949,幼兒園購買,177,007-4-07-EA-177,語文,長襪皮皮來嘍！,親子天下,1,本,105學年度教保資源中心,黃色,7
B00950,幼兒園購買,178,007-4-07-EA-178,語文,親愛的,小天下,1,本,105學年度教保資源中心,黃色,3
B00951,幼兒園購買,179,007-4-07-EA-179,繪本,酷比的博物館,小天下,1,本,105學年度教保資源中心,藍色,6
B00952,幼兒園購買,180,007-4-07-EA-180,繪本,酷比的音樂會,小天下,1,本,105學年度教保資源中心,藍色,6
B00953,幼兒園購買,181,007-4-07-EA-181,社會,猜猜看商店,小天下,1,本,105學年度教保資源中心,粉紅色,5
B00954,幼兒園購買,182,007-4-07-EA-182,,沒有不好玩的時候,小魯文化,1,本,105學年度教保資源中心,,8
B00955,幼兒園購買,183,007-4-07-EA-183,社會,了不起的妳,小魯文化,1,本,105學年度教保資源中心,粉紅色,5
B00956,幼兒園購買,184,007-4-07-EA-184,語文,勇氣,小魯文化,1,本,105學年度教保資源中心,黃色,2
B00957,幼兒園購買,185,007-4-07-EA-185,語文,小不點,小魯文化,1,本,105學年度教保資源中心,黃色,3
B00958,幼兒園購買,186,007-4-07-EA-186,繪本,小豬上街買東西,小魯文化,1,本,105學年度教保資源中心,藍色,7
B00959,幼兒園購買,187,007-4-07-EA-187,情緒,要不要？,三之三,1,本,105學年度教保資源中心,淺藍色,4
B00960,幼兒園購買,188,007-4-07-EA-188,情緒,好消息壞消息,三之三,1,本,105學年度教保資源中心,淺藍色,6
B00961,幼兒園購買,189,007-4-07-EA-189,性別教育,奧力佛是個娘娘腔,三之三,1,本,105學年度教保資源中心,紫色,8
B00962,幼兒園購買,190,007-4-07-EA-190,情緒,一定要誰讓誰嗎？,大穎文化,1,本,105學年度教保資源中心,淺藍色,8
B00963,幼兒園購買,191,007-4-07-EA-191,語文,不要隨便跟陌生人走,大穎文化,1,本,105學年度教保資源中心,黃色,9
B00964,幼兒園購買,192,007-4-07-EA-192,繪本,慌張先生,信誼,1,本,105學年度教保資源中心,藍色,4
B00965,幼兒園購買,193,007-4-07-EA-193,社區,我的百變馬桶,維京,1,本,105學年度教保資源中心,粉紅色,6
B00966,幼兒園購買,194,007-4-07-EA-194,社區,我的飛天浴缸,維京,1,本,105學年度教保資源中心,粉紅色,6
B00967,幼兒園購買,195,007-4-07-EA-195,社區,我和別人不一樣，也很棒！,童夢館,1,本,105學年人權活動繪本,粉紅色,12
B00968,幼兒園購買,196,007-4-07-EA-196,社區,和平樹,小魯,1,本,105學年人權活動繪本,粉紅色,3
B00969,幼兒園購買,197,007-4-07-EA-197,社區,動物絕對不應該穿衣服,小魯,1,本,105學年人權活動繪本,粉紅色,10
B00970,幼兒園購買,198,007-4-07-EA-198,社區,最想做的事,遠流,1,本,105學年人權活動繪本,粉紅色,5
B00971,幼兒園購買,199,007-4-07-EA-199,社區,烏鴉太郎,遠流,1,本,105學年人權活動繪本,粉紅色,4
B00972,幼兒園購買,200,007-4-07-EA-200,社區,路芭-貝爾森的天使,道聲,1,本,105學年人權活動繪本,粉紅色,9
B00973,幼兒園購買,201,007-4-07-EA-201,社區,公園小霸王,東方,1,本,105學年人權活動繪本,粉紅色,5
B00974,幼兒園購買,202,007-4-07-EA-202,社區,我是獨特的,小魯,1,本,105學年人權活動繪本,粉紅色,5
B00975,幼兒園購買,203,007-4-07-EA-203,社區,把帽子還給我,小魯,1,本,105學年人權活動繪本,粉紅色,6
B00976,幼兒園購買,204,007-4-07-EA-204,社區,請不要忘記那些孩子,遠流,1,本,105學年人權活動繪本,粉紅色,9
B00977,幼兒園購買,205,007-4-07-EA-205,社區,水蜜桃阿嬤,格林,1,本,105學年人權活動繪本,粉紅色,5
B00978,幼兒園購買,206,007-4-07-EA-206,社區,向夢想前進的女孩,青林國際,1,本,105學年人權活動繪本,粉紅色,8
B00979,幼兒園購買,207,007-4-07-EA-207,社區,瘋狂愛上書,阿布拉教育文化,1,本,105學年人權活動繪本,粉紅色,5
B00980,幼兒園購買,208,007-4-07-EA-208,社區,黑白村莊,和英文化,1,本,105學年人權活動繪本,粉紅色,4
B00981,幼兒園購買,209,007-4-07-EA-209,社區,奔流之河,維京國際,1,本,105學年人權活動繪本,粉紅色,4
B00982,幼兒園購買,210,007-4-07-EA-210,身體健康,奶茶好好喝,彩虹愛家,1,本,105學年親子講座-綠食育 繪本,黃色,5
B00983,幼兒園購買,211,007-4-07-EA-211,身體健康,好一個瓜啊！,小魯,1,本,105學年親子講座-綠食育 繪本,黃色,6
B00984,幼兒園購買,212,007-4-07-EA-212,身體健康,黃金便便大出來,上人文化,1,本,105學年親子講座-綠食育 繪本,黃色,7
B00985,幼兒園購買,213,007-4-07-EA-213,身體健康,不要吃不良食品！,上人文化,1,本,105學年親子講座-綠食育 繪本,黃色,8
B00986,幼兒園購買,214,007-4-07-EA-214,身體健康,我家有個花果菜園,親子天下,1,本,105學年親子講座-綠食育 繪本,黃色,8
B00987,幼兒園購買,215,007-4-07-EA-215,身體健康,米飯的香甜滋味,上人文化,1,本,105學年親子講座-綠食育 繪本,黃色,7
B00988,幼兒園購買,216,007-4-07-EA-216,身體健康,阿平的菜單,上人文化,1,本,105學年親子講座-綠食育 繪本,黃色,5
B00989,幼兒園購買,217,007-4-07-EA-217,身體健康,班班愛漢堡,親子天下,1,本,105學年親子講座-綠食育 繪本,黃色,5
B00990,幼兒園購買,218,007-4-07-EA-218-1,身體健康,最佳食物拍檔,,,,105學年親子講座-綠食育 繪本,黃色,6
B00991,幼兒園購買,219,007-4-07-EA-218-2,身體健康,魔法女巫的奇特食物,,,,105學年親子講座-綠食育 繪本,黃色,9
B00992,幼兒園購買,220,007-4-07-EA-218-3,身體健康,冷熱料理比一比,,,,105學年親子講座-綠食育 繪本,黃色,7
B00993,幼兒園購買,221,007-4-07-EA-218-4,身體健康,吃什麼顏色好呢？,,,,105學年親子講座-綠食育 繪本,黃色,8
B00994,幼兒園購買,222,007-4-07-EA-219-1,身體健康,壯壯超人的均衡飲食,,,,105學年親子講座-綠食育 繪本,黃色,9
B00995,幼兒園購買,223,007-4-07-EA-219-2,身體健康,慢慢吃，不要急,,,,105學年親子講座-綠食育 繪本,黃色,7
B00996,幼兒園購買,224,007-4-07-EA-219-3,身體健康,地球人的用餐禮儀,,,,105學年親子講座-綠食育 繪本,黃色,8
B00997,幼兒園購買,225,007-4-07-EA-219-4,身體健康,大家為什麼要吃飯？,,,,105學年親子講座-綠食育 繪本,黃色,9
B00998,幼兒園購買,226,007-4-07-EA-219-5,身體健康,吃出好味道,,,,105學年親子講座-綠食育 繪本,黃色,5
B00999,幼兒園購買,227,007-4-07-EA-219-6,身體健康,和機器王的飲食之旅,,,,105學年親子講座-綠食育 繪本,黃色,9
B01000,幼兒園購買,228,007-4-07-EA-220-1,繪本,威力在哪裡,,,,家長提供,藍色,5
B01001,幼兒園購買,229,007-4-07-EA-220-2,繪本,穿越時空之旅,,,,家長提供,藍色,6
B01002,幼兒園購買,230,007-4-07-EA-220-3,繪本,奇幻大冒險,,,,家長提供,藍色,5
B01003,幼兒園購買,231,007-4-07-EA-220-4,繪本,電影夢工廠,,,,家長提供,藍色,5
B01004,幼兒園購買,232,007-4-07-EA-220-5,繪本,驚奇魔法書,,,,家長提供,藍色,5
B01005,幼兒園購買,233,007-4-07-EA-221,社區,大人上班都在做什麼？,台灣麥克,,,家長提供,粉紅色,10
B01006,幼兒園購買,234,007-4-07-EA-222,繪本,先左腳，再右腳,漢聲,1,本,106.01購入,藍色,7
B01007,幼兒園購買,235,007-4-07-EA-223,繪本,挪亞方舟,漢聲,1,本,106.01購入,藍色,4
B01008,幼兒園購買,236,007-4-07-EA-224,繪本,顏色是怎麼來的？,漢聲,1,本,106.01購入,藍色,8
B01009,幼兒園購買,237,007-4-07-EA-225,繪本,我們是好朋友,漢聲,1,本,106.01購入,藍色,6
B01010,幼兒園購買,238,007-4-07-EA-226,繪本,再見，斑斑,漢聲,1,本,106.01購入,藍色,5
B01011,幼兒園購買,239,007-4-07-EA-227,自然科學,牛奶盒做玩具,漢聲,1,本,106.01購入,綠色,6
B01012,幼兒園購買,240,007-4-07-EA-228,自然科學,空罐子真好玩,漢聲,1,本,106.01購入,綠色,6
B01013,幼兒園購買,241,007-4-07-EA-229,自然科學,大家來玩黏土,漢聲,1,本,106.01購入,綠色,6
B01014,幼兒園購買,242,007-4-07-EA-230,社會,我和小凱絕交了,漢聲,1,本,106.01購入,粉紅色,7
B01015,幼兒園購買,243,007-4-07-EA-231,情緒,我好擔心,三芝三,1,本,106.01購入,淺藍色,4
B01016,幼兒園購買,244,007-4-07-EA-232,繪本,像新的一樣好,漢聲,1,本,106.01購入,藍色,6
B01017,幼兒園購買,245,007-4-07-EA-233,繪本,三隻山羊嘎拉 嘎啦,遠流,1,本,106.01購入,藍色,9
B01018,幼兒園購買,246,007-4-07-EA-234,繪本,野獸國,漢聲,1,本,106.01購入,藍色,3
B01019,幼兒園購買,247,007-4-07-EA-235,繪本,祖母的妙法,漢聲,1,本,106.01購入,藍色,5
B01020,幼兒園購買,248,007-4-07-EA-236,繪本,風喜歡和我玩,遠流,1,本,106.01購入,藍色,6
B01021,幼兒園購買,249,007-4-07-EA-237,繪本,我最喜歡爺爺,漢聲,1,本,106.01購入,藍色,6
B01022,幼兒園購買,250,007-4-07-EA-238,繪本,彩虹恐龍,永達,1,本,106.01購入,藍色,4
B01023,幼兒園購買,251,007-4-07-EA-239,繪本,用愛心說實話,和英出版,1,本,106.01購入,藍色,6
B01024,幼兒園購買,252,007-4-07-EA-240,繪本,我有友情要出租,上提文化,1,本,106.01購入,藍色,7
B01025,幼兒園購買,253,007-4-07-EA-241,繪本,你看我有什麼！,漢聲,1,本,106.01購入,藍色,7
B01026,幼兒園購買,254,007-4-07-EA-242,繪本,鱷魚放假了,漢聲,1,本,106.01購入,藍色,5
B01027,幼兒園購買,255,007-4-07-EA-243,生命教育,安安-和白血病作戰的男孩,漢聲,1,本,106.01購入,黃色,12
B01028,幼兒園購買,256,007-4-07-EA-244,自然科學,形形色色的骨頭,東西出版,1,本,106.01購入,綠色,7
B01029,幼兒園購買,257,007-4-07-EA-245,繪本,野獸國,漢聲,1,本,106.01購入,藍色,3
B01030,幼兒園購買,258,007-4-07-EA-246,社會,我和小凱絕交了,漢聲,1,本,106.01購入,粉紅色,7
B01031,幼兒園購買,259,007-4-07-EA-247,繪本,今天是什麼日子,漢聲,1,本,106.01購入,藍色,7
B01032,教育部贈書,1,104學年教育部贈書0001,,喔！ 好痛！, 三之三,1,,,淺藍色,6
B01033,教育部贈書,2,104學年教育部贈書0002,,我們來洗手,三之三,1,,,紅色,5
B01034,教育部贈書,3,104學年教育部贈書0003,,愛打岔的小雞,三之三,1,,,藍色,6
B01035,教育部贈書,4,104學年教育部贈書0004,,媽媽的紅沙發,三之三,1,,,淺藍色,6
B01036,教育部贈書,5,104學年教育部贈書0005,,威威找記憶,三之三,1,,,粉紅色,5
B01037,教育部贈書,6,104學年教育部贈書0006,,眼淚海,三之三,1,,,淺藍色,3
B01038,教育部贈書,7,104學年教育部贈書0007,,我的紅氣球,三之三,1,,,藍色,5
B01039,教育部贈書,8,104學年教育部贈書0008,,第五個,三之三,1,,,淺藍色,3
B01040,教育部贈書,9,104學年教育部贈書0009,,小羊睡不著,三之三,1,,,藍色,5
B01041,教育部贈書,10,104學年教育部贈書0010,,大野狼的短褲,三之三,1,,,藍色,6
B01042,教育部贈書,11,104學年教育部贈書0011,,我討厭媽媽...,三之三,1,,,藍色,8
B01043,教育部贈書,12,104學年教育部贈書0012,,蚯蚓的日記,上誼,1,,,藍色,5
B01044,教育部贈書,13,104學年教育部贈書0013,,樹真好,上誼,1,,,綠色,3
B01045,教育部贈書,14,104學年教育部贈書0014,,從頭動到腳,上誼,1,,,藍色,5
B01046,教育部贈書,15,104學年教育部贈書0015,,丹丹寶寶版：刷牙刷刷刷,上誼,1,,,紅色,11
B01047,教育部贈書,16,104學年教育部贈書0016,,我的地圖書,上誼,1,,,藍色,5
B01048,教育部贈書,17,104學年教育部贈書0017,,小黃點,上誼,1,,,藍色,3
B01049,教育部贈書,18,104學年教育部贈書0018,,啊！不可思議系列：人類與動物的行為觀察,上誼,1,,,淺藍色,19
B01050,教育部贈書,19,104學年教育部贈書0019,,野地上的花園,上誼,1,,,綠色,6
B01051,教育部贈書,20,104學年教育部贈書0020,,月下看貓頭鷹,上誼,1,,,綠色,6
B01052,教育部贈書,21,104學年教育部贈書0021,,語言圖鑑：各式各樣的名字,上誼,1,,,藍色,12
B01053,教育部贈書,22,104學年教育部贈書0022,,阿虎開竅了,上誼,1,,,粉紅色,5
B01054,教育部贈書,23,104學年教育部贈書0023,,小阿力的大學校,上誼,1,,,淺藍色,7
B01055,教育部贈書,24,104學年教育部贈書0024,,小貓頭鷹,上誼,1,,,淺藍色,4
B01056,教育部贈書,25,104學年教育部贈書0025,,阿羅有枝彩色筆,上誼,1,,,藍色,7
B01057,教育部贈書,26,104學年教育部贈書0026,,森林裡的祕密,大塊,1,,,藍色,6
B01058,教育部贈書,27,104學年教育部贈書0027,,怪獸，別吃我！,大穎,1,,,紅色,7
B01059,教育部贈書,28,104學年教育部贈書0028,,其實，我想和你玩……,大穎,1,,,粉紅色,10
B01060,教育部贈書,29,104學年教育部贈書0029,,看不見,小兵,1,,,粉紅色,3
B01061,教育部贈書,30,104學年教育部贈書0030,,不想睡午覺,小魯,1,,,藍色,5
B01062,教育部贈書,31,104學年教育部贈書0031,,前面還有什麼車？,小魯,1,,,藍色,8
B01063,教育部贈書,32,104學年教育部贈書0032,,麥基先生請假的那一天,小魯,1,,,粉紅色,10
B01064,教育部贈書,33,104學年教育部贈書0033,,我是獨特的,小魯,1,,,粉紅色,5
B01065,教育部贈書,34,104學年教育部贈書0034,,我贏了/我輸了,天下,1,,,粉紅色,7
B01066,教育部贈書,35,104學年教育部贈書0035,,獅子與老鼠,天下遠見,1,,,藍色,5
B01067,教育部贈書,36,104學年教育部贈書0036,,像不像沒關係,天下遠見,1,,,藍色,6
B01068,教育部贈書,37,104學年教育部贈書0037,,你是一隻獅子！─跟著動物們一起做運動,天下雜誌,1,,,紅色,18
B01069,教育部贈書,38,104學年教育部贈書0038,,誰來吃午餐,水滴,1,,,藍色,5
B01070,教育部贈書,39,104學年教育部贈書0039,,鴿子的天使,台灣東方,1,,,藍色,5
B01071,教育部贈書,40,104學年教育部贈書0040,,蘿西的小祕密,幼獅,1,,,藍色,6
B01072,教育部贈書,41,104學年教育部贈書0041,,爸爸帶我看見宇宙,玉山社,1,,,粉紅色,8
B01073,教育部贈書,42,104學年教育部贈書0042,,喀嚓喀嚓爺爺的恐龍王國,米奇巴克,1,,,藍色,11
B01074,教育部贈書,43,104學年教育部贈書0043,,小菲菲和新弟弟,和英,1,,,黃色,7
B01075,教育部贈書,44,104學年教育部贈書0044,,小紙箱,和英,1,,,黃色,3
B01076,教育部贈書,45,104學年教育部贈書0045,,"麥克,穿衣服!",和英,1,,,藍色,7
B01077,教育部贈書,46,104學年教育部贈書0046,,小蠑螈睡哪裡？,和英,1,,,藍色,7
B01078,教育部贈書,47,104學年教育部贈書0047,,魔奇魔奇樹,和英,1,,,粉紅色,5
B01079,教育部贈書,48,104學年教育部贈書0048,,一位溫柔善良有錢的太太和她100隻狗,和英,1,,,粉紅色,18
B01080,教育部贈書,49,104學年教育部贈書0049,,熊爸爸去另一個城市工作,和英,1,,,粉紅色,11
B01081,教育部贈書,50,104學年教育部贈書0050,,塞車,和英,1,,,黃色,2
B01082,教育部贈書,51,104學年教育部贈書0051,,一起去看海,和英,1,,,藍色,5
B01083,教育部贈書,52,104學年教育部贈書0052,,不是箱子,阿布拉,1,,,黃色,4
B01084,教育部贈書,53,104學年教育部贈書0053,,一個躲起來的好地方,阿布拉,1,,,藍色,9
B01085,教育部贈書,54,104學年教育部贈書0054,,小真的長頭髮,阿爾發,1,,,黃色,6
B01086,教育部贈書,55,104學年教育部贈書0055,,我看見一隻鳥,青林,1,,,綠色,6
B01087,教育部贈書,56,104學年教育部贈書0056,,大自然的夜晚,青林,1,,,綠色,6
B01088,教育部贈書,57,104學年教育部贈書0057,,小蠶豆和好長好長的豆子,青林,1,,,粉紅色,11
B01089,教育部贈書,58,104學年教育部贈書0058,,荷花池,青林,1,,,綠色,3
B01090,教育部贈書,59,104學年教育部贈書0059,,走，去迪化街買年貨,青林,1,,,粉紅色,9
B01091,教育部贈書,60,104學年教育部贈書0060,,小鏡頭外的大世界 ,青林,1,,,藍色,9
B01092,教育部贈書,61,104學年教育部贈書0061,,洪通繪畫.無師自通,青林,1,,,粉紅色,9
B01093,教育部贈書,62,104學年教育部贈書0062,,好長好長的蛇,青林,1,,,藍色,6
B01094,教育部贈書,63,104學年教育部贈書0063,,紅龜粿,信誼,1,,,黃色,3
B01095,教育部贈書,64,104學年教育部贈書0064,,小噹噹,信誼,1,,,藍色,3
B01096,教育部贈書,65,104學年教育部贈書0065,,全都睡了一百年,信誼,1,,,藍色,7
B01097,教育部贈書,66,104學年教育部贈書0066,,Guji Guji,信誼,1,,,粉紅色,9
B01098,教育部贈書,67,104學年教育部贈書0067,,劍獅出巡,信誼,1,,,粉紅色,4
B01099,教育部贈書,68,104學年教育部贈書0068,,好大好大的大番薯,信誼,1,,,藍色,8
B01100,教育部贈書,69,104學年教育部贈書0069,,我畫的窗子,飛寶,1,,,藍色,5
B01101,教育部贈書,70,104學年教育部贈書0070,,我不知道我是誰,格林,1,,,藍色,7
B01102,教育部贈書,71,104學年教育部贈書0071,,斑斑騎車,格林,1,,,粉紅色,4
B01103,教育部贈書,72,104學年教育部贈書0072,,"冰箱,開門",格林,1,,,藍色,5
B01104,教育部贈書,73,104學年教育部贈書0073,,森林大熊,格林,1,,,綠色,4
B01105,教育部贈書,74,104學年教育部贈書0074,,我們相親相愛,格林,1,,,黃色,6
B01106,教育部贈書,75,104學年教育部贈書0075,,陳進‧悠閒,雄獅,1,,,藍色,5
B01107,教育部贈書,76,104學年教育部贈書0076,,爸爸的頭不見了,道聲,1,,,藍色,7
B01108,教育部贈書,77,104學年教育部贈書0077,,娜娜的一天,道聲,1,,,藍色,5
B01109,教育部贈書,78,104學年教育部贈書0078,,蘇菲的傑作 : 一隻蜘蛛的故事,維京,1,,,粉紅色,15
B01110,教育部贈書,79,104學年教育部贈書0079,,在圓木橋上搖晃,維京,1,,,藍色,7
B01111,教育部贈書,80,104學年教育部贈書0080,,綠,維京,1,,,綠色,1
B01112,教育部贈書,81,104學年教育部贈書0081,,露西的畫,維京,1,,,藍色,4
B01113,教育部贈書,82,104學年教育部贈書0082,,22個孤兒,臺灣東方,1,,,粉紅色,5
B01114,教育部贈書,83,104學年教育部贈書0083,,哇，不見了！,臺灣麥克,1,,,藍色,6
B01115,教育部贈書,84,104學年教育部贈書0084,,洗澡啦！,臺灣麥克,1,,,藍色,4
B01116,教育部贈書,85,104學年教育部贈書0085,,拉拉跳芭蕾,遠見天下,1,,,黃色,5
B01117,教育部贈書,86,104學年教育部贈書0086,,恐龍愛自己,遠流,1,,,紅色,5
B01118,教育部贈書,87,104學年教育部贈書0087,,好髒的哈利,遠流,1,,,藍色,5
B01119,教育部贈書,88,104學年教育部贈書0088,,仙人掌旅館,遠流,1,,,黃色,5
B01120,教育部贈書,89,104學年教育部贈書0089,,老鼠娶新娘,遠流,1,,,粉紅色,5
B01121,教育部贈書,90,104學年教育部贈書0090,,和我玩好嗎？,遠流,1,,,粉紅色,6
B01122,教育部贈書,91,104學年教育部贈書0091,,小蓮遊莫內花園,遠流,1,,,藍色,7
B01123,教育部贈書,92,104學年教育部贈書0092,,莎莉離水遠一點,遠流,1,,,藍色,7
B01124,教育部贈書,93,104學年教育部贈書0093,,"天亮了,開窗囉！",遠流,1,,,藍色,8
B01125,教育部贈書,94,104學年教育部贈書0094,,快樂的一天,遠流,1,,,綠色,5
B01126,教育部贈書,95,104學年教育部贈書0095,,風是什麼顏色？,遠流,1,,,藍色,7
B01127,教育部贈書,96,104學年教育部贈書0096,,老房子,親親,1,,,粉紅色,3
B01128,教育部贈書,97,104學年教育部贈書0097,,行道樹,親親,1,,,藍色,3
B01129,教育部贈書,98,104學年教育部贈書0098,,可愛的尺,聯經,1,,,黃色,4
B01130,教育部贈書,99,104學年教育部贈書0099,,小傷疤,聯經,1,,,黃色,3
B01131,教育部贈書,100,104學年教育部贈書0100,,飛呀，老鷹，飛呀！一個非洲故事,聯經,1,,,藍色,15
B01132,幼兒園購買,260,007-4-07-EA-248,,黑面琵鷺來過冬,格林,1,,105學年親子講座-環境綠繪本,,
B01133,幼兒園購買,261,007-4-07-EA-249,,挖土機年年作響-鄉村變了,和英,1,,105學年親子講座-環境綠繪本,,
B01134,幼兒園購買,262,007-4-07-EA-250,,365隻企鵝,上誼,1,,105學年親子講座-環境綠繪本,,
B01135,幼兒園購買,263,007-4-07-EA-251,,做好事，由我開始,大穎文化,1,,106.07購入,,
B01136,幼兒園購買,264,007-4-07-EA-252,,如果有一天 我們都沒有東西吃,大穎文化,1,,106.07購入,,
B01137,幼兒園購買,265,007-4-07-EA-253,,第一次自己搭公車,大穎文化,1,,106.07購入,,
B01138,幼兒園購買,266,007-4-07-EA-254,,最喜歡媽媽了！,小魯,1,,106.07購入,,
B01139,幼兒園購買,267,007-4-07-EA-255,,年紀最小的班級裡，個子最小的女孩,維京,1,,106.07購入,,
B01140,幼兒園購買,268,007-4-07-EA-256,,噠噠噠！爹地超人,小魯,1,,106.07購入,,
B01141,幼兒園購買,269,007-4-07-EA-257,,勇敢小火車：卡爾的特別任務(加贈劇場版故事CD),親子天下,1,,106.07購入,,
B01142,幼兒園購買,270,007-4-07-EA-258,,100層的巴士,小魯,1,,106.07購入,,
B01143,幼兒園購買,271,007-4-07-EA-259,,畫畫不用模仿別人：孩子的畫畫課5,大穎文化,1,,106.07購入,,
B01144,幼兒園購買,272,007-4-07-EA-260,,畫畫是在說故事（孩子的畫畫課 4）,大穎文化,1,,106.07購入,,
B01145,幼兒園購買,273,007-4-07-EA-261,,每個人對畫的看法都不一樣（孩子的畫畫課3）,大穎文化,1,,106.07購入,,
B01146,幼兒園購買,274,007-4-07-EA-262,,我的畫可以展覽， 送給朋友更好：孩子的畫畫課2,大穎文化,1,,106.07購入,,
B01147,幼兒園購買,275,007-4-07-EA-263,,用什麼顏色畫天空才對？：孩子的畫畫課1,大穎文化,1,,106.07購入,,
B01148,幼兒園購買,276,007-4-07-EA-264,,如果你亂丟香蕉皮……,大穎文化,1,,106.07購入,,
B01149,幼兒園購買,277,007-4-07-EA-265,,砰！是誰闖的禍？,大穎文化,1,,106.07購入,,
B01150,幼兒園購買,278,007-4-07-EA-266,,停電了！,小天下,1,,106.07購入,,
B01151,幼兒園購買,279,007-4-07-EA-267,,阿公好聰明！,大穎文化,1,,106.07購入,,
B01152,幼兒園購買,280,007-4-07-EA-268-1,,大家一起做料理,親子天下,1,,106.07購入,,
B01153,幼兒園購買,281,007-4-07-EA-268-2,,大家一起來畫畫,親子天下,1,,106.07購入,,
B01154,幼兒園購買,282,007-4-07-EA-268-3,,大家一起搭積木,親子天下,1,,106.07購入,,
B01155,幼兒園購買,283,007-4-07-EA-268-4,,大家一起鋪鐵軌,親子天下,1,,106.07購入,,
B01156,幼兒園購買,284,007-4-07-EA-269,,奶奶慢慢忘記我了,大穎文化,1,,106.07購入,,
B01157,幼兒園購買,285,007-4-07-EA-270,,照顧我們的地球,上誼文化公,1,,106.07購入,,
B01158,幼兒園購買,286,007-4-07-EA-271,,爺爺的肉丸子湯,台灣東方,1,,106.07購入,,
B01159,幼兒園購買,287,007-4-07-EA-272,,不再讓爺爺孤單,大穎文化,1,,106.07購入,,
B01160,圖書(贈),449,平圖贈00446,,風的禮物、小氣的磨坊主人,,1,,,,
B01161,圖書(贈),450,平圖贈00447,,閣樓上的朋友、再見吧，小松鼠,,1,,,,
B01162,圖書(贈),451,平圖贈00448,,空罐子，真好玩！,,1,,,,
B01163,圖書(贈),452,平圖贈00449,,漂流的玻璃瓶,,1,,,,
B01164,圖書(贈),453,平圖贈00450,,萬丹紅~紅豆妹,,1,,,,
B01165,圖書(贈),454,平圖贈00451,,善良的雪人*2,,1,,,,
B01166,圖書(贈),455,平圖贈00452,,從前從前有一座森林,,1,,,,
B01167,圖書(贈),456,平圖贈00453,,狼與七隻小羊,,1,,,,
B01168,圖書(贈),457,平圖贈00454,,我的第一本寓言故事,,1,,,,
B01169,圖書(贈),458,平圖贈00455,,自然教室,,1,,,,
B01170,圖書(贈),459,平圖贈00456,,生命的起源,,1,,,,
B01171,圖書(贈),460,平圖贈00457,,化石,,1,,,,
B01172,圖書(贈),461,平圖贈00458,,動物的生殖,,1,,,,
B01173,圖書(贈),462,平圖贈00459,,植物的繁殖,,1,,,,
B01174,圖書(贈),463,平圖贈00460,,動物的移棲,,1,,,,
B01175,圖書(贈),464,平圖贈00461,,蝙蝠,,1,,,,
B01176,圖書(贈),465,平圖贈00462,,翠鳥和鵜鶘,,1,,,,
B01177,圖書(贈),466,平圖贈00463,,食蟲植物,,1,,,,
B01178,圖書(贈),467,平圖贈00464,,天敵,,1,,,,
B01179,圖書(贈),468,平圖贈00465,,動物的學習,,1,,,,
B01180,圖書(贈),469,平圖贈00466,,有袋動物,,1,,,,
B01181,圖書(贈),470,平圖贈00467,,鴴和鷸,,1,,,,
B01182,圖書(贈),471,平圖贈00468,,青蛙與蟾蜍,,1,,,,
B01183,圖書(贈),472,平圖贈00469,,水母,,1,,,,
B01184,圖書(贈),473,平圖贈00470,,水棲昆蟲,,1,,,,
B01185,圖書(贈),474,平圖贈00471,,松鼠和鼯鼠,,1,,,,
B01186,圖書(贈),475,平圖贈00472,,蠑螈與山椒魚,,1,,,,
B01187,圖書(贈),476,平圖贈00473,,海鹿與海麒麟,,1,,,,
B01188,圖書(贈),477,平圖贈00474,,蜻蜓與豆娘,,1,,,,
B01189,圖書(贈),478,平圖贈00475,,蟬的一生,,1,,,,
B01190,圖書(贈),479,平圖贈00476,,鹿,,1,,,,
B01191,圖書(贈),480,平圖贈00477,,海鳥奇觀,,1,,,,
B01192,圖書(贈),481,平圖贈00478,,植物的根,,1,,,,
B01193,圖書(贈),482,平圖贈00479,,微小生物的世界,,1,,,,
B01194,圖書(贈),483,平圖贈00480,,雀,,1,,,,
B01195,圖書(贈),484,平圖贈00481,,啄木鳥,,1,,,,
B01196,圖書(贈),485,平圖贈00482,,蛾,,1,,,,
B01197,圖書(贈),486,平圖贈00483,,瀕臨絕種的動物,,1,,,,
B01198,圖書(贈),487,平圖贈00484,,水獺和海狸,,1,,,,
B01199,圖書(贈),488,平圖贈00485,,狼和狐狸,,1,,,,
B01200,圖書(贈),489,平圖贈00486,,鶴,,1,,,,
B01201,圖書(贈),490,平圖贈00487,,鱷魚,,1,,,,
B01202,圖書(贈),491,平圖贈00488,,雉,,1,,,,
B01203,圖書(贈),492,平圖贈00489,,蝸牛和蛞蝓,,1,,,,
B01204,圖書(贈),493,平圖贈00490,,自然四季,,1,,,,
B01205,圖書(贈),494,平圖贈00491,,水生植物,,1,,,,
B01206,圖書(贈),495,平圖贈00492,,鷲和鷹,,1,,,,
B01207,圖書(贈),496,平圖贈00493,,寄生、附生、共生(植物),,1,,,,
B01208,圖書(贈),497,平圖贈00494,,飛躍的羚羊,,1,,,,
B01209,圖書(贈),498,平圖贈00495,,燕子和雨燕,,1,,,,
B01210,圖書(贈),499,平圖贈00496,,鯊與鱝,,1,,,,
B01211,圖書(贈),500,平圖贈00497,,椿象,,1,,,,
B01212,圖書(贈),501,平圖贈00498,,自然保護,,1,,,,
B01213,圖書(贈),502,平圖贈00499,,雞婆的力量,,1,,,,
B01214,圖書(贈),503,平圖贈00500,,第二人生迎接熟齡新社會運動,,1,,,,
B01215,圖書(贈),504,平圖贈00501,,幸福是我們的義務,,1,,,,
B01216,圖書(贈),505,平圖贈00502,,台灣女生 瑞典樂活,,1,,,,
B01217,圖書(贈),506,平圖贈00503,,蝴蝶的一生,,1,,,,
B01218,圖書(贈),507,平圖贈00504,,龜,,1,,,,